question_id,is_correct,unique_answer_count
0,True,2
1,True,3
2,True,2
3,True,2
4,True,2
5,True,2
6,False,3
7,True,2
8,True,2
9,True,1
10,True,2
11,True,2
12,True,3
13,True,3
14,True,2
15,True,2
16,False,2
17,True,2
18,True,4
19,True,1
20,True,2
21,True,3
22,True,3
23,True,2
24,False,3
25,True,2
26,True,2
27,False,4
28,False,3
29,True,1
30,False,3
31,True,2
32,True,3
33,True,2
34,False,3
35,True,2
36,True,3
37,True,2
38,True,2
39,False,3
40,True,2
41,True,3
42,False,4
43,True,2
44,True,2
45,False,4
46,False,2
47,True,3
48,True,2
49,True,1
50,True,2
51,False,2
52,False,4
53,True,3
54,False,3
55,True,1
56,False,2
57,True,4
58,True,3
59,False,4
60,True,2
61,False,2
62,True,2
63,True,1
64,True,2
65,False,4
66,True,2
67,True,3
68,True,3
69,False,2
70,True,3
71,True,2
72,True,2
73,True,2
74,True,1
75,False,3
76,False,3
77,True,2
78,False,3
79,False,4
80,True,2
81,True,2
82,False,4
83,True,2
84,False,3
85,True,2
86,True,3
87,True,3
88,False,4
89,True,2
90,False,3
91,True,2
92,True,3
93,False,3
94,False,3
95,True,2
96,True,3
97,False,3
98,True,3
99,False,2
100,False,3
101,False,3
102,False,3
103,True,2
104,True,4
105,True,2
106,True,2
107,True,4
108,False,3
109,True,3
110,True,2
111,False,4
112,True,3
113,True,3
114,False,3
115,True,3
116,True,3
117,True,2
118,True,2
119,False,3
120,True,3
121,False,4
122,False,2
123,False,2
124,False,3
125,False,3
126,False,3
127,True,4
128,True,2
129,True,3
130,True,2
131,True,3
132,True,3
133,True,3
134,False,2
135,False,3
136,True,1
137,True,2
138,False,2
139,True,3
140,False,2
141,True,2
142,True,1
143,False,3
144,True,4
145,False,4
146,True,2
147,False,4
148,True,3
149,False,3
150,False,3
151,True,3
152,False,2
153,True,2
154,False,2
155,False,2
156,False,3
157,True,2
158,True,2
159,True,3
160,True,2
161,False,3
162,True,2
163,True,2
164,True,1
165,True,2
166,True,3
167,False,3
168,False,4
169,True,4
170,True,2
171,True,3
172,True,3
173,False,3
174,True,2
175,True,2
176,True,3
177,False,3
178,True,2
179,True,3
180,True,3
181,True,3
182,True,3
183,True,4
184,True,2
185,False,3
186,True,2
187,True,2
188,False,3
189,True,2
190,True,2
191,True,1
192,False,3
193,False,3
194,True,2
195,False,3
196,True,2
197,True,4
198,True,2
199,True,3
200,False,3
201,False,3
202,True,1
203,True,2
204,True,1
205,True,3
206,False,2
207,False,3
208,False,3
209,True,2
210,False,3
211,True,2
212,False,2
213,True,2
214,False,4
215,True,2
216,False,2
217,True,1
218,False,3
219,False,4
220,True,2
221,True,2
222,True,3
223,True,3
224,True,3
225,False,4
226,True,2
227,False,2
228,True,2
229,True,3
230,False,4
231,True,3
232,True,3
233,True,2
234,False,3
235,True,3
236,True,1
237,True,2
238,True,2
239,True,3
240,False,3
241,True,2
242,True,2
243,True,3
244,True,2
245,True,2
246,False,3
247,False,4
248,False,4
249,True,2
250,False,3
251,False,3
252,True,3
253,True,1
254,False,3
255,False,3
256,True,3
257,True,2
258,True,1
259,False,2
260,True,2
261,True,3
262,False,2
263,True,2
264,False,3
265,True,2
266,True,2
267,True,2
268,True,1
269,True,2
270,True,3
271,False,2
272,False,3
273,True,2
274,False,4
275,False,3
276,True,2
277,True,1
278,False,3
279,True,2
280,True,3
281,True,2
282,False,4
283,True,4
284,False,3
285,True,2
286,True,3
287,False,2
288,False,3
289,False,2
290,False,2
291,True,2
292,False,4
293,False,3
294,True,1
295,False,3
296,True,4
297,True,3
298,False,4
299,False,2
300,False,2
301,False,3
302,True,3
303,True,3
304,False,3
305,True,2
306,True,2
307,True,2
308,False,4
309,False,2
310,False,3
311,True,1
312,True,2
313,False,3
314,True,2
315,True,2
316,True,1
317,True,1
318,True,1
319,True,2
320,True,3
321,True,1
322,False,3
323,False,3
324,True,3
325,False,3
326,True,3
327,False,3
328,False,4
329,False,4
330,False,4
331,True,4
332,True,2
333,True,2
334,True,4
335,False,3
336,False,3
337,True,2
338,True,3
339,False,3
340,False,2
341,False,3
342,True,2
343,True,4
344,True,1
345,False,3
346,False,3
347,True,3
348,True,3
349,False,3
350,True,4
351,False,3
352,True,2
353,False,2
354,True,2
355,True,2
356,False,4
357,True,2
358,False,3
359,True,2
360,False,4
361,False,4
362,False,3
363,True,1
364,False,3
365,True,1
366,True,3
367,False,2
368,False,3
369,True,2
370,True,2
371,True,2
372,True,1
373,True,3
374,True,2
375,False,3
376,False,4
377,True,3
378,False,2
379,False,2
380,True,2
381,True,3
382,True,3
383,True,1
384,True,2
385,False,3
386,True,3
387,False,4
388,True,2
389,False,2
390,False,2
391,True,3
392,True,2
393,True,4
394,True,4
395,True,3
396,False,3
397,False,2
398,True,2
399,False,3
400,True,2
401,True,3
402,True,2
403,False,3
404,True,1
405,False,3
406,True,1
407,True,3
408,True,4
409,True,3
410,True,1
411,False,3
412,True,2
413,True,3
414,False,3
415,False,3
416,False,3
417,True,3
418,True,2
419,True,1
420,False,3
421,True,3
422,False,3
423,False,2
424,False,2
425,False,3
426,True,3
427,True,2
428,True,4
429,False,3
430,True,2
431,False,4
432,False,3
433,True,3
434,False,4
435,False,2
436,True,2
437,False,2
438,False,3
439,True,4
440,True,3
441,False,3
442,False,4
443,True,1
444,False,3
445,True,3
446,True,1
447,False,4
448,True,2
449,False,2
450,False,2
451,False,4
452,False,3
453,False,3
454,True,2
455,False,3
456,True,2
457,True,2
458,True,3
459,True,4
460,True,3
461,False,3
462,False,3
463,False,2
464,True,2
465,True,2
466,True,3
467,False,3
468,True,2
469,False,3
470,True,2
471,True,2
472,False,3
473,True,2
474,False,3
475,True,1
476,True,2
477,True,1
478,True,2
479,False,3
480,False,2
481,False,3
482,False,3
483,True,3
484,True,2
485,True,2
486,True,4
487,True,2
488,True,2
489,True,3
490,False,3
491,True,2
492,True,3
493,False,2
494,True,3
495,True,1
496,True,1
497,False,4
498,True,2
499,False,4
500,True,2
501,True,3
502,True,3
503,True,2
504,True,2
505,False,4
506,True,2
507,False,4
508,False,4
509,False,3
510,True,2
511,True,3
512,True,2
513,False,4
514,True,1
515,True,1
516,False,4
517,True,2
518,False,4
519,True,2
520,True,3
521,True,2
522,False,3
523,True,2
524,False,3
525,True,2
526,True,2
527,True,2
528,True,2
529,False,2
530,True,2
531,True,2
532,True,1
533,False,3
534,True,4
535,True,2
536,True,3
537,True,2
538,True,2
539,False,3
540,True,2
541,False,3
542,False,3
543,False,2
544,True,4
545,True,1
546,True,1
547,False,3
548,False,3
549,True,2
550,True,1
551,False,3
552,True,2
553,True,2
554,True,2
555,True,2
556,False,3
557,True,3
558,False,4
559,True,3
560,False,3
561,False,3
562,False,3
563,False,3
564,False,4
565,True,3
566,False,2
567,True,2
568,True,3
569,True,3
570,False,4
571,False,3
572,True,2
573,False,3
574,False,3
575,True,3
576,True,3
577,True,2
578,True,2
579,False,2
580,False,3
581,True,2
582,True,2
583,True,2
584,False,2
585,True,2
586,False,3
587,True,2
588,True,4
589,True,3
590,True,3
591,True,2
592,True,2
593,True,2
594,True,2
595,True,2
596,True,1
597,True,3
598,True,3
599,False,4
600,True,2
601,False,3
602,False,3
603,True,3
604,False,3
605,False,2
606,True,3
607,True,2
608,True,2
609,True,2
610,True,1
611,True,3
612,True,2
613,False,2
614,True,2
615,True,3
616,True,2
617,True,3
618,True,3
619,True,2
620,True,3
621,True,3
622,True,3
623,True,2
624,True,3
625,True,1
626,True,3
627,False,2
628,True,2
629,False,3
630,True,2
631,True,2
632,True,2
633,False,2
634,False,3
635,False,3
636,False,2
637,True,3
638,False,2
639,False,2
640,True,3
641,True,3
642,True,2
643,True,2
644,True,2
645,False,2
646,False,2
647,False,3
648,False,3
649,True,2
650,True,2
651,False,3
652,False,3
653,False,3
654,True,2
655,True,2
656,True,2
657,True,3
658,True,2
659,True,2
660,True,4
661,True,2
662,True,2
663,True,1
664,True,2
665,True,3
666,False,3
667,True,2
668,True,3
669,True,1
670,False,3
671,True,3
672,True,1
673,True,3
674,False,3
675,True,1
676,True,2
677,False,2
678,True,2
679,True,2
680,True,2
681,False,3
682,False,3
683,False,4
684,False,4
685,False,3
686,True,2
687,False,2
688,True,2
689,True,1
690,True,3
691,True,1
692,True,3
693,True,3
694,False,2
695,True,3
696,False,3
697,True,2
698,False,4
699,False,3
700,False,3
701,True,1
702,True,3
703,True,2
704,True,2
705,False,3
706,False,3
707,False,4
708,False,2
709,False,3
710,True,3
711,False,3
712,True,2
713,False,3
714,True,2
715,False,3
716,True,2
717,True,2
718,True,2
719,True,1
720,True,1
721,True,1
722,False,3
723,True,3
724,True,3
725,True,3
726,False,3
727,True,2
728,False,2
729,True,2
730,True,2
731,False,3
732,False,3
733,False,3
734,False,2
735,True,2
736,True,3
737,True,2
738,True,1
739,False,3
740,False,4
741,False,3
742,True,1
743,True,3
744,True,2
745,True,1
746,True,2
747,False,3
748,False,3
749,True,2
750,True,2
751,True,2
752,False,3
753,True,2
754,True,2
755,False,3
756,False,3
757,False,3
758,True,2
759,False,2
760,True,2
761,True,3
762,True,1
763,True,3
764,False,2
765,False,3
766,True,2
767,True,2
768,True,3
769,True,4
770,True,2
771,False,4
772,True,2
773,True,2
774,True,3
775,False,3
776,False,3
777,True,2
778,True,2
779,False,3
780,False,2
781,True,2
782,True,1
783,True,2
784,True,1
785,False,2
786,False,3
787,False,2
788,False,4
789,True,2
790,True,3
791,True,2
792,True,2
793,True,2
794,True,2
795,False,4
796,True,2
797,True,2
798,True,2
799,False,3
800,True,2
801,True,3
802,False,3
803,True,2
804,False,3
805,True,3
806,False,3
807,True,3
808,True,2
809,True,3
810,False,4
811,True,2
812,True,3
813,True,2
814,False,3
815,True,1
816,False,4
817,True,2
818,False,4
819,False,3
820,False,3
821,False,2
822,False,3
823,True,2
824,False,3
825,True,1
826,True,1
827,True,1
828,True,2
829,False,3
830,False,2
831,False,3
832,False,3
833,True,2
834,True,2
835,False,3
836,True,1
837,True,3
838,False,4
839,True,2
840,True,3
841,False,3
842,False,4
843,True,2
844,True,3
845,True,2
846,False,3
847,True,2
848,True,3
849,True,2
850,False,3
851,True,2
852,True,2
853,False,3
854,False,3
855,False,2
856,True,3
857,False,2
858,True,2
859,False,3
860,False,3
861,True,1
862,True,4
863,True,2
864,False,3
865,True,3
866,False,3
867,True,3
868,False,2
869,False,3
870,True,3
871,True,2
872,True,2
873,False,3
874,False,2
875,True,3
876,True,3
877,True,2
878,True,3
879,True,3
880,True,2
881,True,3
882,True,2
883,True,3
884,True,3
885,False,4
886,True,2
887,False,1
888,False,4
889,True,3
890,True,2
891,False,3
892,True,1
893,False,2
894,True,3
895,False,3
896,False,4
897,True,2
898,False,3
899,True,2
900,True,3
901,True,2
902,True,3
903,True,3
904,False,3
905,True,1
906,True,4
907,True,1
908,True,2
909,True,3
910,False,2
911,True,1
912,False,2
913,False,2
914,False,4
915,False,3
916,True,1
917,True,2
918,True,2
919,True,2
920,False,3
921,False,3
922,False,3
923,False,3
924,False,4
925,True,3
926,False,3
927,True,2
928,True,2
929,False,2
930,False,2
931,False,4
932,True,2
933,True,1
934,True,2
935,False,3
936,False,3
937,False,2
938,True,2
939,False,3
940,True,2
941,False,1
942,True,1
943,True,2
944,True,2
945,True,2
946,True,2
947,True,2
948,True,2
949,True,4
950,True,3
951,False,4
952,False,2
953,True,3
954,True,1
955,True,3
956,False,3
957,True,1
958,True,2
959,False,4
960,True,1
961,False,3
962,False,3
963,False,3
964,True,2
965,True,1
966,True,2
967,True,2
968,False,2
969,True,2
970,False,3
971,True,2
972,False,3
973,False,3
974,False,3
975,False,3
976,True,3
977,False,3
978,True,2
979,False,2
980,True,2
981,True,1
982,False,4
983,True,2
984,True,3
985,False,4
986,True,2
987,False,3
988,False,2
989,False,2
990,True,1
991,True,2
992,True,4
993,False,3
994,False,2
995,True,1
996,True,3
997,True,2
998,True,3
999,False,3
1000,False,3
1001,True,3
1002,True,2
1003,True,2
1004,True,2
1005,True,2
1006,True,2
1007,True,2
1008,False,4
1009,False,3
1010,False,2
1011,True,2
1012,False,3
1013,False,2
1014,False,2
1015,True,3
1016,False,3
1017,True,1
1018,False,3
1019,False,3
1020,False,3
1021,True,2
1022,False,4
1023,False,3
1024,True,3
1025,True,2
1026,True,3
1027,True,2
1028,True,3
1029,True,3
1030,False,3
1031,True,2
1032,False,3
1033,True,1
1034,False,3
1035,False,2
1036,True,2
1037,False,3
1038,False,3
1039,True,2
1040,False,4
1041,True,2
1042,True,3
1043,False,3
1044,False,3
1045,True,2
1046,False,2
1047,True,2
1048,True,3
1049,True,2
1050,False,4
1051,True,2
1052,True,1
1053,True,1
1054,False,3
1055,True,2
1056,True,2
1057,False,2
1058,False,3
1059,False,4
1060,True,2
1061,False,3
1062,True,2
1063,False,2
1064,True,2
1065,False,3
1066,True,3
1067,True,3
1068,False,2
1069,False,3
1070,True,2
1071,True,2
1072,False,3
1073,True,2
1074,True,2
1075,False,3
1076,True,2
1077,False,3
1078,False,3
1079,True,2
1080,False,3
1081,False,4
1082,False,3
1083,True,2
1084,False,4
1085,False,2
1086,False,2
1087,True,2
1088,True,2
1089,True,1
1090,False,4
1091,True,3
1092,False,3
1093,True,2
1094,True,3
1095,True,2
1096,True,1
1097,False,2
1098,False,4
1099,True,2
1100,False,3
1101,False,4
1102,False,2
1103,False,2
1104,True,1
1105,True,1
1106,False,3
1107,True,3
1108,False,2
1109,False,3
1110,False,4
1111,True,2
1112,True,4
1113,False,3
1114,True,3
1115,True,3
1116,True,3
1117,False,3
1118,True,2
1119,False,3
1120,False,3
1121,True,4
1122,False,2
1123,True,4
1124,False,4
1125,True,3
1126,True,1
1127,False,3
1128,True,1
1129,True,2
1130,False,3
1131,False,2
1132,True,3
1133,True,2
1134,False,3
1135,False,4
1136,False,4
1137,True,2
1138,True,3
1139,True,1
1140,True,3
1141,True,2
1142,True,4
1143,True,3
1144,True,1
1145,True,2
1146,True,2
1147,True,2
1148,True,1
1149,True,2
1150,True,2
1151,True,2
1152,False,3
1153,True,2
1154,False,2
1155,True,2
1156,False,3
1157,False,3
1158,True,2
1159,True,2
1160,True,3
1161,True,4
1162,False,2
1163,False,3
1164,False,3
1165,True,3
1166,True,2
1167,True,3
1168,False,3
1169,True,3
1170,True,3
1171,False,2
1172,True,1
1173,True,2
1174,True,3
1175,True,2
1176,False,2
1177,True,3
1178,True,3
1179,True,2
1180,True,2
1181,False,2
1182,True,2
1183,True,2
1184,False,2
1185,True,2
1186,False,3
1187,False,3
1188,False,2
1189,True,2
1190,False,2
1191,True,1
1192,True,4
1193,False,3
1194,True,3
1195,False,3
1196,False,1
1197,False,2
1198,True,2
1199,False,2
1200,True,2
1201,False,4
1202,False,2
1203,False,3
1204,True,2
1205,True,2
1206,False,3
1207,False,2
1208,True,2
1209,True,2
1210,False,3
1211,False,3
1212,True,2
1213,False,2
1214,False,2
1215,False,2
1216,False,3
1217,False,4
1218,False,3
1219,True,3
1220,False,3
1221,True,2
1222,False,3
1223,True,2
1224,True,4
1225,False,3
1226,True,1
1227,True,2
1228,True,2
1229,True,1
1230,True,3
1231,False,2
1232,False,3
1233,True,2
1234,True,3
1235,True,1
1236,False,2
1237,True,4
1238,True,2
1239,True,3
1240,False,3
1241,True,3
1242,False,3
1243,False,3
1244,False,3
1245,False,2
1246,True,2
1247,True,3
1248,True,1
1249,False,3
1250,False,3
1251,True,3
1252,False,4
1253,True,3
1254,False,3
1255,False,3
1256,False,3
1257,True,4
1258,True,1
1259,True,1
1260,True,1
1261,False,2
1262,True,3
1263,True,2
1264,False,3
1265,True,3
1266,False,3
1267,True,1
1268,False,4
1269,False,3
1270,True,2
1271,False,3
1272,True,2
1273,False,2
1274,True,3
1275,False,4
1276,True,1
1277,True,2
1278,False,3
1279,True,1
1280,True,3
1281,False,2
1282,True,4
1283,True,2
1284,True,1
1285,True,2
1286,True,2
1287,True,2
1288,False,2
1289,False,3
1290,False,3
1291,True,2
1292,True,3
1293,False,2
1294,True,3
1295,True,1
1296,True,2
1297,True,2
1298,False,3
1299,True,3
1300,False,4
1301,False,4
1302,False,3
1303,False,2
1304,True,2
1305,False,3
1306,True,3
1307,False,3
1308,True,2
1309,True,2
1310,False,4
1311,True,1
1312,True,3
1313,True,1
1314,True,2
1315,True,3
1316,False,3
1317,True,2
1318,True,3
1319,True,2
1320,True,3
1321,True,2
1322,True,2
1323,True,1
1324,False,4
1325,False,3
1326,True,2
1327,False,2
1328,True,3
1329,False,3
1330,True,2
1331,True,1
1332,False,2
1333,False,3
1334,True,1
1335,True,1
1336,True,2
1337,True,2
1338,True,2
1339,True,3
1340,True,3
1341,False,3
1342,True,3
1343,True,3
1344,True,2
1345,True,2
1346,True,2
1347,False,2
1348,False,3
1349,True,3
1350,False,3
1351,False,3
1352,True,2
1353,False,3
1354,True,3
1355,True,3
1356,True,2
1357,True,3
1358,True,2
1359,True,2
1360,True,1
1361,False,3
1362,False,2
1363,True,1
1364,True,1
1365,True,2
1366,True,3
1367,True,2
1368,True,3
1369,False,4
1370,True,1
1371,False,3
1372,False,3
1373,False,3
1374,True,2
1375,True,1
1376,False,2
1377,False,3
1378,False,4
1379,True,3
1380,False,3
1381,False,3
1382,True,2
1383,False,2
1384,True,3
1385,True,2
1386,True,1
1387,False,3
1388,True,2
1389,False,3
1390,False,3
1391,True,2
1392,False,3
1393,False,3
1394,True,2
1395,False,2
1396,True,2
1397,True,2
1398,True,2
1399,True,3
1400,True,2
1401,True,2
1402,False,2
1403,True,2
1404,False,4
1405,True,2
1406,False,3
1407,True,3
1408,False,3
1409,True,3
1410,False,3
1411,True,1
1412,True,4
1413,True,2
1414,False,3
1415,False,3
1416,True,2
1417,True,2
1418,False,3
1419,False,2
1420,True,2
1421,False,3
1422,True,2
1423,True,3
1424,True,3
1425,True,2
1426,True,1
1427,False,2
1428,True,3
1429,False,3
1430,True,2
1431,False,3
1432,False,3
1433,False,3
1434,False,2
1435,True,3
1436,True,2
1437,False,2
1438,True,1
1439,True,3
1440,True,4
1441,True,2
1442,True,2
1443,True,3
1444,True,1
1445,True,2
1446,True,2
1447,True,2
1448,True,4
1449,False,2
1450,False,2
1451,True,1
1452,False,3
1453,False,4
1454,True,3
1455,True,2
1456,True,3
1457,True,1
1458,False,3
1459,True,1
1460,True,3
1461,True,2
1462,True,3
1463,True,1
1464,True,2
1465,True,2
1466,True,2
1467,False,3
1468,False,4
1469,False,2
1470,True,1
1471,False,3
1472,True,2
1473,True,4
1474,True,3
1475,True,2
1476,False,2
1477,False,3
1478,True,2
1479,True,2
1480,True,3
1481,False,2
1482,True,3
1483,False,4
1484,False,3
1485,False,3
1486,True,1
1487,True,2
1488,True,3
1489,True,3
1490,True,1
1491,True,1
1492,False,2
1493,False,2
1494,True,2
1495,False,4
1496,False,2
1497,True,2
1498,True,3
1499,False,2
1500,True,3
1501,False,3
1502,False,3
1503,True,2
1504,True,2
1505,True,1
1506,False,2
1507,True,3
1508,True,3
1509,True,2
1510,True,3
1511,False,4
1512,True,2
1513,True,3
1514,False,3
1515,True,2
1516,True,3
1517,False,3
1518,True,1
1519,True,3
1520,True,2
1521,False,4
1522,True,2
1523,False,2
1524,True,3
1525,False,4
1526,True,2
1527,True,4
1528,True,1
1529,False,3
1530,True,2
1531,True,3
1532,True,3
1533,True,2
1534,True,3
1535,False,3
1536,True,2
1537,True,2
1538,True,2
1539,True,1
1540,False,3
1541,True,2
1542,False,3
1543,False,2
1544,True,3
1545,True,2
1546,True,2
1547,True,3
1548,False,3
1549,False,3
1550,True,1
1551,False,3
1552,False,3
1553,True,3
1554,True,3
1555,True,2
1556,True,3
1557,False,4
1558,True,3
1559,True,2
1560,True,2
1561,False,3
1562,True,2
1563,True,1
1564,True,3
1565,True,3
1566,True,3
1567,False,4
1568,True,1
1569,False,4
1570,True,3
1571,False,3
1572,False,3
1573,True,2
1574,True,2
1575,True,2
1576,True,2
1577,True,2
1578,True,1
1579,True,2
1580,True,2
1581,False,3
1582,True,2
1583,False,3
1584,False,3
1585,False,3
1586,True,2
1587,True,3
1588,True,2
1589,False,4
1590,False,3
1591,False,4
1592,True,3
1593,False,3
1594,True,2
1595,True,2
1596,True,2
1597,True,1
1598,True,3
1599,True,1
1600,False,2
1601,True,3
1602,False,3
1603,False,2
1604,False,2
1605,False,2
1606,False,3
1607,True,2
1608,True,1
1609,True,3
1610,True,2
1611,True,1
1612,True,1
1613,True,2
1614,True,4
1615,False,2
1616,False,2
1617,True,3
1618,True,2
1619,True,1
1620,True,2
1621,True,3
1622,True,2
1623,False,4
1624,True,1
1625,False,3
1626,False,3
1627,False,2
1628,True,1
1629,False,4
1630,False,3
1631,True,1
1632,True,2
1633,False,2
1634,True,3
1635,True,1
1636,True,2
1637,True,2
1638,True,1
1639,True,2
1640,True,3
1641,True,2
1642,True,2
1643,True,1
1644,True,3
1645,True,2
1646,True,2
1647,True,2
1648,False,3
1649,True,4
1650,True,4
1651,True,2
1652,True,2
1653,False,4
1654,True,3
1655,True,3
1656,True,3
1657,False,3
1658,False,2
1659,False,4
1660,False,2
1661,False,3
1662,False,1
1663,False,3
1664,True,3
1665,True,1
1666,False,3
1667,True,2
1668,True,3
1669,False,3
1670,True,3
1671,True,3
1672,False,3
1673,True,3
1674,False,3
1675,True,2
1676,False,4
1677,False,3
1678,False,3
1679,False,3
1680,False,3
1681,False,3
1682,True,2
1683,True,3
1684,False,3
1685,False,3
1686,True,3
1687,True,3
1688,True,2
1689,True,2
1690,False,3
1691,False,2
1692,True,1
1693,True,3
1694,True,3
1695,True,2
1696,True,1
1697,False,2
1698,False,2
1699,True,2
1700,True,2
1701,True,1
1702,True,2
1703,True,1
1704,True,2
1705,True,1
1706,True,1
1707,False,1
1708,True,2
1709,True,3
1710,True,2
1711,True,2
1712,False,2
1713,False,3
1714,False,3
1715,False,2
1716,True,3
1717,True,2
1718,True,1
1719,True,3
1720,True,2
1721,False,3
1722,False,2
1723,False,3
1724,True,2
1725,True,3
1726,True,3
1727,False,3
1728,True,2
1729,False,3
1730,True,2
1731,False,2
1732,False,3
1733,True,2
1734,True,1
1735,False,3
1736,False,3
1737,False,3
1738,True,2
1739,False,2
1740,False,3
1741,False,3
1742,True,3
1743,True,3
1744,False,2
1745,False,3
1746,True,2
1747,True,3
1748,False,3
1749,True,1
1750,True,1
1751,False,3
1752,False,2
1753,False,3
1754,False,3
1755,False,3
1756,True,3
1757,False,3
1758,True,2
1759,True,3
1760,True,1
1761,True,3
1762,True,3
1763,False,3
1764,False,3
1765,False,2
1766,False,2
1767,True,3
1768,True,2
1769,True,1
1770,True,2
1771,True,2
1772,False,3
1773,True,2
1774,True,2
1775,True,2
1776,True,1
1777,True,2
1778,True,2
1779,False,3
1780,True,3
1781,False,3
1782,False,4
1783,True,3
1784,True,3
1785,True,2
1786,True,3
1787,True,2
1788,True,2
1789,True,2
1790,False,3
1791,False,4
1792,True,2
1793,True,2
1794,True,3
1795,False,3
1796,True,3
1797,True,2
1798,False,3
1799,False,3
1800,False,3
1801,False,3
1802,True,3
1803,False,2
1804,True,3
1805,True,2
1806,True,2
1807,True,2
1808,True,3
1809,True,2
1810,True,2
1811,True,2
1812,True,1
1813,True,1
1814,True,3
1815,False,2
1816,False,3
1817,True,1
1818,True,3
1819,False,3
1820,True,1
1821,False,3
1822,True,3
1823,True,2
1824,False,3
1825,True,3
1826,True,3
1827,False,2
1828,False,3
1829,True,2
1830,False,3
1831,False,3
1832,False,2
1833,False,3
1834,True,1
1835,True,2
1836,True,3
1837,True,2
1838,True,2
1839,True,3
1840,True,4
1841,True,2
1842,False,3
1843,True,3
1844,True,3
1845,True,2
1846,True,3
1847,False,4
1848,False,3
1849,False,2
1850,False,3
1851,True,1
1852,True,3
1853,True,1
1854,True,2
1855,True,1
1856,True,1
1857,True,2
1858,False,3
1859,True,1
1860,True,1
1861,True,1
1862,True,2
1863,False,3
1864,False,3
1865,True,2
1866,True,3
1867,True,3
1868,False,3
1869,True,3
1870,True,2
1871,True,2
1872,True,3
1873,True,1
1874,True,2
1875,True,2
1876,False,3
1877,True,1
1878,True,3
1879,True,3
1880,True,3
1881,True,2
1882,True,3
1883,True,2
1884,False,3
1885,True,2
1886,False,2
1887,True,3
1888,True,2
1889,False,4
1890,True,1
1891,False,3
1892,False,2
1893,True,3
1894,True,1
1895,False,2
1896,True,1
1897,False,3
1898,True,2
1899,False,3
1900,False,2
1901,True,1
1902,True,2
1903,False,3
1904,False,3
1905,False,4
1906,True,2
1907,True,2
1908,False,2
1909,False,3
1910,False,3
1911,True,3
1912,True,3
1913,False,3
1914,True,2
1915,True,2
1916,False,3
1917,False,2
1918,True,2
1919,False,2
1920,True,2
1921,True,3
1922,True,2
1923,True,2
1924,True,4
1925,True,2
1926,False,3
1927,True,1
1928,False,2
1929,False,3
1930,True,2
1931,False,3
1932,True,2
1933,False,4
1934,True,3
1935,True,2
1936,True,2
1937,False,3
1938,False,4
1939,True,2
1940,True,2
1941,True,3
1942,True,2
1943,False,2
1944,True,3
1945,False,2
1946,True,1
1947,True,2
1948,False,2
1949,False,3
1950,True,3
1951,True,1
1952,False,3
1953,False,2
1954,False,3
1955,False,3
1956,True,2
1957,True,4
1958,True,2
1959,False,3
1960,True,4
1961,False,4
1962,True,2
1963,True,2
1964,False,3
1965,True,1
1966,False,3
1967,True,3
1968,True,2
1969,True,2
1970,False,2
1971,False,3
1972,True,1
1973,False,3
1974,False,4
1975,True,3
1976,False,4
1977,True,3
1978,False,2
1979,False,3
1980,True,2
1981,False,3
1982,True,2
1983,True,3
1984,False,4
1985,True,1
1986,False,3
1987,False,4
1988,True,1
1989,False,3
1990,False,3
1991,False,2
1992,False,4
1993,True,2
1994,False,2
1995,True,3
1996,True,3
1997,True,3
1998,True,2
1999,True,3
2000,True,3
2001,True,3
2002,False,2
2003,True,1
2004,True,2
2005,True,3
2006,True,2
2007,False,3
2008,True,3
2009,False,3
2010,True,1
2011,False,3
2012,False,2
2013,False,2
2014,False,3
2015,False,4
2016,True,1
2017,False,2
2018,False,3
2019,False,3
2020,True,1
2021,False,3
2022,True,3
2023,True,2
2024,False,2
2025,False,3
2026,True,2
2027,False,3
2028,False,2
2029,False,3
2030,False,3
2031,True,3
2032,False,3
2033,True,3
2034,False,3
2035,False,3
2036,True,3
2037,True,3
2038,False,3
2039,False,3
2040,True,2
2041,False,3
2042,True,2
2043,True,2
2044,True,3
2045,True,2
2046,True,4
2047,False,3
2048,False,3
2049,False,3
2050,True,4
2051,True,2
2052,False,4
2053,True,3
2054,True,2
2055,True,2
2056,False,3
2057,False,3
2058,True,2
2059,False,2
2060,False,2
2061,False,2
2062,False,4
2063,False,4
2064,False,3
2065,False,3
2066,False,3
2067,True,3
2068,True,1
2069,False,4
2070,True,3
2071,False,4
2072,False,3
2073,True,2
2074,True,3
2075,False,2
2076,False,3
2077,False,2
2078,False,4
2079,True,2
2080,True,1
2081,True,3
2082,False,3
2083,False,3
2084,True,3
2085,False,2
2086,True,2
2087,True,1
2088,True,2
2089,False,3
2090,True,1
2091,True,2
2092,True,1
2093,True,1
2094,True,3
2095,True,4
2096,False,2
2097,True,3
2098,False,3
2099,True,2
2100,True,3
2101,True,2
2102,True,2
2103,False,2
2104,False,3
2105,True,1
2106,True,1
2107,True,2
2108,False,3
2109,True,2
2110,True,2
2111,True,2
2112,False,2
2113,True,3
2114,True,2
2115,False,3
2116,False,2
2117,True,2
2118,True,2
2119,True,2
2120,False,3
2121,True,3
2122,False,2
2123,True,2
2124,False,4
2125,False,4
2126,False,2
2127,False,3
2128,True,2
2129,True,2
2130,False,4
2131,True,3
2132,True,2
2133,False,2
2134,False,2
2135,False,4
2136,False,3
2137,True,2
2138,False,3
2139,False,3
2140,True,3
2141,False,3
2142,True,2
2143,False,3
2144,False,4
2145,False,3
2146,True,1
2147,True,2
2148,True,2
2149,False,4
2150,True,4
2151,True,2
2152,True,2
2153,True,2
2154,True,3
2155,False,4
2156,True,2
2157,True,1
2158,False,4
2159,True,2
2160,True,1
2161,True,3
2162,True,2
2163,False,3
2164,True,3
2165,True,2
2166,True,3
2167,True,2
2168,True,2
2169,True,3
2170,False,3
2171,False,3
2172,False,3
2173,True,3
2174,False,3
2175,False,3
2176,True,2
2177,False,3
2178,True,3
2179,False,3
2180,False,3
2181,False,3
2182,False,3
2183,False,3
2184,True,2
2185,True,2
2186,False,3
2187,True,2
2188,False,3
2189,False,3
2190,True,2
2191,True,2
2192,True,2
2193,False,3
2194,False,3
2195,True,2
2196,True,1
2197,True,2
2198,True,3
2199,True,2
2200,True,1
2201,True,3
2202,True,2
2203,True,3
2204,False,2
2205,False,2
2206,True,2
2207,False,3
2208,True,4
2209,True,2
2210,True,1
2211,False,2
2212,True,1
2213,True,2
2214,True,2
2215,False,3
2216,False,3
2217,True,2
2218,True,2
2219,False,2
2220,True,3
2221,True,3
2222,False,2
2223,True,2
2224,False,3
2225,True,3
2226,True,3
2227,False,3
2228,True,3
2229,False,2
2230,True,3
2231,False,2
2232,True,2
2233,False,3
2234,True,3
2235,True,2
2236,False,2
2237,False,3
2238,True,2
2239,True,2
2240,True,3
2241,False,3
2242,True,2
2243,False,2
2244,True,2
2245,True,2
2246,True,1
2247,True,1
2248,True,2
2249,True,2
2250,True,3
2251,True,3
2252,True,2
2253,False,3
2254,False,2
2255,False,3
2256,False,3
2257,True,2
2258,True,1
2259,True,2
2260,True,4
2261,False,2
2262,False,2
2263,True,3
2264,True,3
2265,True,2
2266,False,3
2267,True,3
2268,True,2
2269,True,3
2270,False,3
2271,False,4
2272,True,3
2273,True,3
2274,False,3
2275,True,2
2276,True,3
2277,True,1
2278,True,2
2279,True,2
2280,True,1
2281,True,1
2282,False,3
2283,False,2
2284,False,3
2285,True,2
2286,True,2
2287,True,2
2288,True,4
2289,True,1
2290,False,2
2291,False,4
2292,False,4
2293,True,2
2294,False,3
2295,True,1
2296,True,2
2297,True,2
2298,False,3
2299,True,3
2300,True,4
2301,True,3
2302,False,2
2303,True,4
2304,True,2
2305,True,1
2306,False,3
2307,False,3
2308,True,1
2309,True,3
2310,False,3
2311,True,1
2312,False,3
2313,True,3
2314,True,2
2315,True,3
2316,True,3
2317,True,2
2318,False,3
2319,True,3
2320,True,2
2321,False,4
2322,True,3
2323,True,4
2324,True,2
2325,False,3
2326,True,1
2327,False,2
2328,False,4
2329,False,3
2330,False,3
2331,True,1
2332,False,3
2333,True,3
2334,True,1
2335,True,3
2336,False,2
2337,False,3
2338,True,3
2339,True,4
2340,False,3
2341,False,3
2342,False,2
2343,False,3
2344,False,3
2345,True,2
2346,True,1
2347,True,1
2348,True,2
2349,True,3
2350,True,3
2351,True,3
2352,True,3
2353,True,1
2354,True,2
2355,False,4
2356,True,2
2357,True,2
2358,False,4
2359,False,3
2360,True,2
2361,True,1
2362,False,3
2363,True,2
2364,True,1
2365,True,2
2366,True,2
2367,True,1
2368,False,3
2369,False,3
2370,True,2
2371,False,3
2372,False,2
2373,True,2
2374,True,2
2375,True,4
2376,True,1
2377,True,1
2378,False,3
2379,False,4
2380,False,2
2381,True,2
2382,False,3
2383,False,3
2384,False,3
2385,True,3
2386,True,3
2387,False,2
2388,True,1
2389,True,2
2390,True,2
2391,False,3
2392,True,4
2393,True,2
2394,True,2
2395,False,3
2396,False,3
2397,True,2
2398,True,2
2399,False,3
2400,True,3
2401,False,3
2402,True,3
2403,False,3
2404,True,2
2405,True,2
2406,False,3
2407,False,4
2408,True,2
2409,True,3
2410,True,1
2411,False,3
2412,True,3
2413,False,4
2414,False,3
2415,True,2
2416,False,2
2417,False,3
2418,True,3
2419,True,1
2420,False,3
2421,True,3
2422,False,2
2423,True,2
2424,True,3
2425,True,2
2426,False,4
2427,True,2
2428,False,2
2429,False,2
2430,False,4
2431,True,2
2432,True,2
2433,True,2
2434,True,2
2435,True,2
2436,True,2
2437,True,3
2438,False,3
2439,True,2
2440,False,4
2441,False,3
2442,True,1
2443,True,3
2444,False,3
2445,True,2
2446,False,3
2447,False,2
2448,True,4
2449,False,3
2450,False,3
2451,False,3
2452,True,2
2453,True,3
2454,True,2
2455,True,3
2456,False,3
2457,False,3
2458,False,3
2459,True,3
2460,False,2
2461,False,3
2462,False,2
2463,False,4
2464,True,3
2465,True,3
2466,True,3
2467,True,2
2468,False,3
2469,False,3
2470,False,3
2471,True,3
2472,True,3
2473,True,2
2474,True,1
2475,True,3
2476,False,3
2477,False,2
2478,True,2
2479,False,3
2480,True,2
2481,False,4
2482,True,3
2483,True,3
2484,True,4
2485,False,3
2486,False,4
2487,True,3
2488,False,3
2489,True,2
2490,False,2
2491,True,2
2492,True,1
2493,True,2
2494,False,3
2495,False,3
2496,True,2
2497,False,3
2498,True,2
2499,False,3
2500,True,2
2501,False,4
2502,False,3
2503,False,3
2504,False,2
2505,True,3
2506,False,3
2507,False,4
2508,False,3
2509,False,3
2510,True,2
2511,True,2
2512,True,2
2513,True,3
2514,True,2
2515,False,3
2516,True,4
2517,False,4
2518,True,3
2519,True,2
2520,True,2
2521,True,3
2522,True,2
2523,True,2
2524,False,2
2525,True,2
2526,False,3
2527,False,3
2528,True,1
2529,False,3
2530,True,1
2531,True,2
2532,True,2
2533,True,3
2534,True,2
2535,False,3
2536,False,3
2537,True,2
2538,True,3
2539,False,4
2540,True,1
2541,True,2
2542,False,3
2543,False,3
2544,True,2
2545,False,3
2546,False,4
2547,False,3
2548,False,3
2549,True,3
2550,True,2
2551,True,2
2552,False,2
2553,False,2
2554,True,3
2555,True,3
2556,False,3
2557,True,2
2558,True,2
2559,False,3
2560,True,3
2561,True,2
2562,True,2
2563,False,3
2564,True,2
2565,False,4
2566,True,2
2567,False,3
2568,False,3
2569,True,3
2570,True,3
2571,True,2
2572,True,2
2573,True,2
2574,True,2
2575,False,2
2576,True,2
2577,False,3
2578,False,3
2579,True,2
2580,False,4
2581,True,2
2582,True,3
2583,False,3
2584,True,1
2585,False,3
2586,False,3
2587,True,2
2588,True,3
2589,False,3
2590,True,2
2591,False,4
2592,False,3
2593,True,2
2594,True,2
2595,False,2
2596,True,2
2597,True,3
2598,False,3
2599,True,2
2600,True,2
2601,True,3
2602,True,1
2603,False,3
2604,False,3
2605,True,2
2606,True,2
2607,True,3
2608,True,2
2609,False,2
2610,False,4
2611,True,2
2612,True,2
2613,False,3
2614,True,2
2615,False,3
2616,False,3
2617,True,2
2618,True,2
2619,True,2
2620,True,2
2621,False,4
2622,True,2
2623,True,2
2624,False,3
2625,False,3
2626,True,2
2627,False,3
2628,False,4
2629,True,2
2630,True,2
2631,True,3
2632,True,2
2633,True,1
2634,True,2
2635,False,4
2636,True,3
2637,False,3
2638,False,3
2639,False,3
2640,False,2
2641,True,2
2642,False,2
2643,False,3
2644,False,1
2645,False,2
2646,False,3
2647,True,3
2648,True,3
2649,True,1
2650,False,2
2651,True,3
2652,True,2
2653,True,1
2654,True,3
2655,True,2
2656,True,4
2657,False,3
2658,True,2
2659,False,3
2660,True,3
2661,False,3
2662,True,2
2663,True,1
2664,True,2
2665,True,3
2666,True,2
2667,False,3
2668,False,4
2669,True,2
2670,False,2
2671,True,2
2672,True,2
2673,True,2
2674,True,2
2675,False,3
2676,True,2
2677,True,2
2678,False,4
2679,True,4
2680,True,2
2681,False,3
2682,True,4
2683,False,4
2684,True,2
2685,True,3
2686,True,3
2687,False,3
2688,True,2
2689,False,4
2690,True,1
2691,True,2
2692,True,3
2693,False,2
2694,True,3
2695,False,4
2696,False,3
2697,True,3
2698,True,2
2699,True,1
2700,False,2
2701,True,2
2702,True,3
2703,True,1
2704,True,2
2705,False,3
2706,False,4
2707,True,1
2708,False,4
2709,True,2
2710,False,2
2711,False,3
2712,False,3
2713,True,2
2714,False,2
2715,True,2
2716,False,3
2717,False,3
2718,False,3
2719,False,3
2720,True,3
2721,True,4
2722,True,2
2723,False,2
2724,True,3
2725,False,3
2726,False,3
2727,True,3
2728,False,2
2729,True,2
2730,True,3
2731,True,2
2732,True,2
2733,False,2
2734,False,3
2735,False,3
2736,False,2
2737,True,1
2738,True,2
2739,True,1
2740,True,1
2741,True,1
2742,True,3
2743,True,2
2744,False,3
2745,True,3
2746,True,3
2747,False,2
2748,True,2
2749,True,2
2750,True,2
2751,False,2
2752,False,3
2753,True,3
2754,True,3
2755,True,3
2756,True,2
2757,True,3
2758,True,2
2759,True,3
2760,False,4
2761,True,1
2762,False,4
2763,True,2
2764,False,3
2765,False,3
2766,True,3
2767,True,1
2768,True,1
2769,True,2
2770,False,3
2771,True,2
2772,True,2
2773,True,2
2774,True,3
2775,False,3
2776,False,2
2777,False,2
2778,False,3
2779,False,3
2780,True,2
2781,True,3
2782,False,3
2783,True,3
2784,True,2
2785,True,3
2786,True,2
2787,True,2
2788,True,3
2789,False,2
2790,False,3
2791,True,2
2792,True,2
2793,True,2
2794,False,3
2795,False,4
2796,True,2
2797,False,2
2798,True,2
2799,True,1
2800,True,2
2801,False,2
2802,True,1
2803,True,2
2804,False,3
2805,False,3
2806,False,3
2807,True,2
2808,True,3
2809,True,3
2810,False,2
2811,False,2
2812,True,2
2813,True,2
2814,False,3
2815,True,2
2816,False,3
2817,True,2
2818,True,1
2819,False,3
2820,True,3
2821,True,2
2822,True,2
2823,True,1
2824,False,4
2825,True,2
2826,True,1
2827,False,4
2828,True,3
2829,True,2
2830,True,3
2831,True,2
2832,True,2
2833,True,3
2834,True,3
2835,True,2
2836,False,4
2837,False,3
2838,False,3
2839,True,2
2840,True,3
2841,False,2
2842,False,3
2843,True,2
2844,True,2
2845,True,1
2846,False,3
2847,True,2
2848,True,2
2849,False,3
2850,True,3
2851,True,1
2852,True,2
2853,True,3
2854,True,4
2855,True,3
2856,False,3
2857,True,4
2858,False,3
2859,False,3
2860,False,3
2861,True,2
2862,False,3
2863,True,4
2864,True,1
2865,True,1
2866,True,2
2867,True,1
2868,True,1
2869,False,2
2870,True,3
2871,True,2
2872,False,3
2873,True,1
2874,True,2
2875,True,4
2876,True,4
2877,True,2
2878,True,3
2879,True,2
2880,True,1
2881,True,3
2882,False,3
2883,False,3
2884,True,1
2885,True,2
2886,True,1
2887,False,3
2888,True,2
2889,False,3
2890,True,2
2891,True,3
2892,True,3
2893,False,2
2894,False,3
2895,False,3
2896,True,2
2897,False,3
2898,True,3
2899,True,2
2900,False,2
2901,False,4
2902,False,3
2903,True,2
2904,True,2
2905,True,3
2906,True,2
2907,False,2
2908,False,3
2909,True,2
2910,True,2
2911,True,3
2912,False,4
2913,False,3
2914,False,3
2915,False,3
2916,True,1
2917,True,2
2918,False,3
2919,True,2
2920,False,3
2921,False,4
2922,True,3
2923,True,2
2924,True,2
2925,True,3
2926,False,3
2927,True,2
2928,False,2
2929,True,2
2930,False,2
2931,True,3
2932,False,3
2933,False,3
2934,True,2
2935,False,3
2936,True,3
2937,True,2
2938,False,3
2939,False,3
2940,False,4
2941,True,3
2942,False,3
2943,True,2
2944,True,2
2945,True,1
2946,False,3
2947,True,2
2948,False,3
2949,True,3
2950,True,3
2951,False,4
2952,False,3
2953,True,1
2954,False,3
2955,True,2
2956,True,3
2957,True,2
2958,True,1
2959,True,2
2960,False,3
2961,True,2
2962,True,4
2963,True,2
2964,True,2
2965,True,3
2966,False,2
2967,False,3
2968,False,3
2969,True,3
2970,False,3
2971,True,1
2972,True,3
2973,True,2
2974,True,1
2975,False,2
2976,True,2
2977,False,3
2978,True,3
2979,False,3
2980,True,2
2981,True,2
2982,False,2
2983,False,3
2984,True,3
2985,True,2
2986,True,4
2987,False,3
2988,False,3
2989,False,4
2990,False,2
2991,True,3
2992,False,3
2993,True,1
2994,True,3
2995,True,2
2996,True,2
2997,False,2
2998,True,3
2999,True,3
3000,False,3
3001,False,3
3002,False,3
3003,True,3
3004,True,2
3005,True,4
3006,True,2
3007,True,3
3008,False,2
3009,False,3
3010,True,2
3011,True,2
3012,True,3
3013,True,3
3014,False,3
3015,True,2
3016,False,4
3017,True,3
3018,True,1
3019,False,3
3020,True,1
3021,False,4
3022,False,2
3023,True,2
3024,False,3
3025,True,2
3026,False,2
3027,True,3
3028,False,3
3029,True,3
3030,True,2
3031,True,3
3032,True,3
3033,True,2
3034,False,3
3035,True,2
3036,True,2
3037,False,3
3038,True,4
3039,False,3
3040,True,2
3041,False,3
3042,True,3
3043,False,3
3044,False,2
3045,True,1
3046,True,3
3047,False,3
3048,True,3
3049,True,2
3050,False,2
3051,True,2
3052,True,3
3053,True,2
3054,True,3
3055,True,1
3056,True,1
3057,True,4
3058,True,2
3059,True,2
3060,True,3
3061,True,1
3062,True,2
3063,True,3
3064,True,1
3065,False,3
3066,True,2
3067,True,2
3068,False,3
3069,True,2
3070,True,3
3071,True,4
3072,False,4
3073,False,2
3074,False,2
3075,True,2
3076,True,2
3077,True,2
3078,True,4
3079,False,3
3080,True,2
3081,True,2
3082,True,3
3083,True,2
3084,True,2
3085,False,2
3086,True,2
3087,False,2
3088,True,2
3089,True,4
3090,False,3
3091,False,4
3092,False,3
3093,True,3
3094,True,1
3095,True,2
3096,False,3
3097,True,2
3098,True,2
3099,True,1
3100,False,2
3101,False,3
3102,True,2
3103,True,3
3104,True,3
3105,True,1
3106,False,2
3107,True,3
3108,False,2
3109,True,3
3110,True,2
3111,True,2
3112,True,2
3113,False,3
3114,False,4
3115,False,3
3116,False,3
3117,True,2
3118,True,2
3119,True,3
3120,True,3
3121,False,3
3122,False,3
3123,False,4
3124,True,3
3125,True,3
3126,False,3
3127,False,3
3128,True,2
3129,False,2
3130,True,1
3131,False,4
3132,True,2
3133,False,3
3134,True,1
3135,False,2
3136,False,3
3137,True,2
3138,True,3
3139,False,3
3140,True,2
3141,True,3
3142,True,2
3143,False,2
3144,True,2
3145,True,3
3146,False,3
3147,True,2
3148,True,2
3149,True,2
3150,True,3
3151,False,4
3152,True,2
3153,True,1
3154,False,3
3155,True,2
3156,False,3
3157,True,2
3158,True,2
3159,True,4
3160,True,3
3161,False,3
3162,False,3
3163,True,2
3164,True,2
3165,False,3
3166,True,2
3167,False,3
3168,True,3
3169,True,2
3170,False,3
3171,False,3
3172,False,3
3173,False,2
3174,True,3
3175,False,3
3176,False,3
3177,True,2
3178,True,3
3179,True,2
3180,True,2
3181,True,1
3182,True,3
3183,True,2
3184,False,2
3185,True,2
3186,True,2
3187,False,3
3188,False,2
3189,False,3
3190,True,2
3191,False,2
3192,False,4
3193,True,2
3194,True,3
3195,False,4
3196,False,2
3197,False,3
3198,True,2
3199,False,2
3200,True,2
3201,True,3
3202,True,2
3203,True,4
3204,True,3
3205,False,2
3206,True,2
3207,False,2
3208,True,2
3209,True,1
3210,True,2
3211,False,2
3212,True,3
3213,True,3
3214,True,2
3215,True,2
3216,False,3
3217,True,3
3218,False,2
3219,True,4
3220,True,4
3221,True,2
3222,True,2
3223,True,1
3224,False,3
3225,True,3
3226,False,3
3227,True,2
3228,True,1
3229,False,2
3230,True,1
3231,True,3
3232,True,3
3233,False,3
3234,True,4
3235,False,4
3236,True,4
3237,True,3
3238,True,2
3239,False,3
3240,False,3
3241,True,2
3242,True,2
3243,True,2
3244,False,2
3245,True,2
3246,True,3
3247,True,2
3248,True,2
3249,False,4
3250,False,2
3251,True,3
3252,True,1
3253,False,3
3254,True,2
3255,False,4
3256,True,1
3257,True,3
3258,False,3
3259,True,1
3260,False,3
3261,True,3
3262,True,2
3263,True,2
3264,True,2
3265,True,1
3266,True,1
3267,False,4
3268,False,2
3269,True,3
3270,True,3
3271,False,2
3272,False,3
3273,False,3
3274,True,2
3275,True,2
3276,True,2
3277,True,3
3278,False,3
3279,False,3
3280,False,2
3281,False,3
3282,False,2
3283,True,3
3284,False,3
3285,False,2
3286,True,2
3287,False,3
3288,False,3
3289,False,3
3290,False,3
3291,False,3
3292,True,3
3293,False,4
3294,False,3
3295,False,3
3296,False,2
3297,True,2
3298,False,2
3299,False,4
3300,False,3
3301,True,3
3302,True,1
3303,False,3
3304,False,3
3305,True,2
3306,False,3
3307,True,3
3308,True,2
3309,True,2
3310,False,3
3311,False,3
3312,True,2
3313,False,3
3314,True,2
3315,False,3
3316,True,4
3317,True,3
3318,False,4
3319,True,3
3320,False,2
3321,True,2
3322,True,3
3323,True,3
3324,True,2
3325,True,3
3326,True,2
3327,True,3
3328,True,2
3329,True,2
3330,True,3
3331,False,4
3332,False,2
3333,True,1
3334,True,1
3335,True,3
3336,True,3
3337,True,1
3338,True,1
3339,False,2
3340,False,3
3341,True,2
3342,False,3
3343,False,3
3344,True,2
3345,True,2
3346,False,3
3347,True,2
3348,True,3
3349,False,1
3350,False,3
3351,False,3
3352,False,3
3353,False,4
3354,True,2
3355,True,3
3356,True,3
3357,False,3
3358,True,2
3359,True,2
3360,True,2
3361,True,1
3362,False,3
3363,False,3
3364,False,3
3365,True,4
3366,True,2
3367,False,4
3368,False,2
3369,True,1
3370,True,2
3371,True,2
3372,True,3
3373,True,2
3374,True,3
3375,True,3
3376,False,2
3377,True,4
3378,True,2
3379,True,1
3380,False,4
3381,True,1
3382,True,2
3383,False,2
3384,False,1
3385,False,4
3386,True,3
3387,True,2
3388,True,2
3389,True,2
3390,False,3
3391,True,3
3392,True,2
3393,False,2
3394,True,3
3395,True,1
3396,False,2
3397,True,4
3398,True,1
3399,True,3
3400,True,1
3401,True,3
3402,True,3
3403,True,4
3404,True,3
3405,True,1
3406,True,3
3407,True,3
3408,False,4
3409,False,2
3410,False,3
3411,False,4
3412,False,2
3413,True,3
3414,True,2
3415,True,3
3416,True,2
3417,True,3
3418,True,2
3419,False,3
3420,True,2
3421,True,3
3422,True,2
3423,False,3
3424,False,3
3425,True,3
3426,False,3
3427,False,2
3428,False,3
3429,True,3
3430,True,4
3431,False,3
3432,True,4
3433,True,2
3434,True,3
3435,True,3
3436,False,3
3437,True,2
3438,False,3
3439,True,1
3440,False,3
3441,True,2
3442,True,1
3443,True,3
3444,True,3
3445,False,2
3446,True,2
3447,False,3
3448,True,2
3449,True,2
3450,True,3
3451,True,2
3452,True,3
3453,True,3
3454,False,3
3455,True,3
3456,True,3
3457,False,2
3458,True,3
3459,True,2
3460,True,3
3461,True,1
3462,True,3
3463,True,3
3464,True,1
3465,False,3
3466,True,2
3467,True,2
3468,True,1
3469,False,3
3470,False,3
3471,False,3
3472,True,1
3473,True,3
3474,False,2
3475,False,3
3476,True,2
3477,False,3
3478,True,3
3479,False,3
3480,True,2
3481,True,3
3482,True,2
3483,False,3
3484,False,2
3485,True,1
3486,True,2
3487,True,2
3488,False,3
3489,True,3
3490,True,2
3491,True,3
3492,True,1
3493,True,2
3494,True,2
3495,False,3
3496,True,2
3497,True,2
3498,False,3
3499,True,2
3500,False,3
3501,False,3
3502,True,3
3503,False,2
3504,True,1
3505,False,3
3506,True,3
3507,False,3
3508,False,3
3509,False,2
3510,True,3
3511,False,3
3512,False,2
3513,False,3
3514,True,3
3515,False,3
3516,True,2
3517,True,2
3518,False,4
3519,True,1
3520,True,3
3521,False,3
3522,True,2
3523,True,3
3524,False,3
3525,False,4
3526,False,3
3527,True,4
3528,True,3
3529,True,3
3530,True,1
3531,False,2
3532,False,3
3533,False,4
3534,True,3
3535,False,2
3536,True,2
3537,True,3
3538,True,2
3539,True,3
3540,True,4
3541,False,3
3542,True,3
3543,True,3
3544,True,3
3545,False,3
3546,True,1
3547,True,1
3548,False,2
3549,False,2
3550,False,3
3551,True,3
3552,True,4
3553,True,2
3554,True,2
3555,True,3
3556,False,4
3557,False,3
3558,True,4
3559,False,3
3560,True,3
3561,False,3
3562,False,2
3563,True,2
3564,False,3
3565,False,4
3566,True,3
3567,True,2
3568,True,1
3569,False,2
3570,True,1
3571,False,3
3572,False,3
3573,False,2
3574,True,3
3575,True,2
3576,True,2
3577,False,3
3578,True,3
3579,True,3
3580,False,3
3581,True,2
3582,True,2
3583,True,2
3584,True,3
3585,False,3
3586,True,3
3587,True,2
3588,True,3
3589,True,3
3590,True,3
3591,True,2
3592,True,4
3593,False,3
3594,False,3
3595,False,2
3596,False,2
3597,False,3
3598,True,1
3599,True,3
3600,True,3
3601,True,4
3602,False,3
3603,True,2
3604,False,4
3605,True,3
3606,False,2
3607,True,2
3608,False,4
3609,True,2
3610,False,3
3611,True,3
3612,True,2
3613,True,2
3614,False,3
3615,True,2
3616,False,3
3617,True,3
3618,False,3
3619,False,2
3620,True,3
3621,False,3
3622,True,2
3623,True,2
3624,True,1
3625,True,3
3626,True,3
3627,True,4
3628,False,2
3629,True,3
3630,False,3
3631,False,4
3632,True,4
3633,True,4
3634,False,2
3635,True,2
3636,False,3
3637,True,2
3638,True,1
3639,True,2
3640,True,3
3641,False,4
3642,True,3
3643,True,1
3644,True,3
3645,False,3
3646,True,3
3647,False,3
3648,True,2
3649,True,3
3650,True,3
3651,True,3
3652,True,2
3653,False,3
3654,True,2
3655,True,2
3656,False,4
3657,True,2
3658,True,2
3659,False,3
3660,True,1
3661,True,3
3662,True,3
3663,True,2
3664,False,3
3665,True,2
3666,False,4
3667,False,3
3668,False,2
3669,True,2
3670,False,4
3671,True,2
3672,True,1
3673,True,2
3674,True,3
3675,True,3
3676,True,3
3677,True,2
3678,True,1
3679,True,2
3680,True,1
3681,True,4
3682,False,1
3683,False,4
3684,True,2
3685,True,3
3686,True,3
3687,True,1
3688,False,3
3689,True,2
3690,True,2
3691,True,2
3692,True,3
3693,True,3
3694,True,3
3695,False,3
3696,False,3
3697,True,2
3698,False,3
3699,False,4
3700,False,1
3701,True,3
3702,True,2
3703,True,1
3704,False,3
3705,False,3
3706,False,3
3707,True,1
3708,True,2
3709,False,4
3710,False,3
3711,True,3
3712,True,3
3713,True,3
3714,False,3
3715,True,2
3716,True,2
3717,True,2
3718,True,4
3719,True,1
3720,False,3
3721,True,2
3722,False,3
3723,True,2
3724,False,3
3725,True,2
3726,False,2
3727,True,4
3728,True,3
3729,False,4
3730,False,3
3731,False,3
3732,True,2
3733,True,2
3734,True,3
3735,True,1
3736,True,2
3737,False,2
3738,False,3
3739,True,2
3740,False,3
3741,True,2
3742,False,3
3743,False,4
3744,False,3
3745,True,2
3746,True,1
3747,False,4
3748,True,2
3749,True,1
3750,True,2
3751,False,4
3752,False,4
3753,True,1
3754,False,3
3755,False,2
3756,True,3
3757,True,2
3758,True,2
3759,False,4
3760,False,3
3761,False,3
3762,False,3
3763,True,2
3764,True,3
3765,False,3
3766,False,4
3767,True,2
3768,False,4
3769,False,2
3770,True,2
3771,True,2
3772,False,3
3773,True,3
3774,False,3
3775,True,2
3776,True,1
3777,False,4
3778,False,3
3779,True,3
3780,False,3
3781,True,3
3782,True,2
3783,True,2
3784,False,2
3785,False,3
3786,True,2
3787,True,1
3788,False,1
3789,True,3
3790,False,3
3791,False,3
3792,False,2
3793,True,3
3794,False,3
3795,True,2
3796,True,2
3797,False,3
3798,True,2
3799,True,2
3800,False,3
3801,False,2
3802,False,3
3803,False,4
3804,False,3
3805,False,3
3806,True,2
3807,True,3
3808,True,2
3809,True,1
3810,False,2
3811,True,2
3812,True,4
3813,False,4
3814,True,2
3815,False,2
3816,True,2
3817,True,3
3818,True,2
3819,True,1
3820,True,2
3821,True,2
3822,True,2
3823,True,3
3824,False,3
3825,True,1
3826,False,3
3827,True,2
3828,True,3
3829,False,3
3830,False,4
3831,False,2
3832,True,3
3833,False,3
3834,False,2
3835,False,3
3836,True,1
3837,True,2
3838,False,3
3839,True,3
3840,True,3
3841,False,3
3842,True,2
3843,False,4
3844,False,3
3845,True,2
3846,False,2
3847,True,1
3848,True,2
3849,False,3
3850,False,3
3851,False,3
3852,True,3
3853,False,3
3854,True,3
3855,True,2
3856,True,1
3857,True,3
3858,True,2
3859,False,2
3860,True,1
3861,True,3
3862,False,2
3863,True,3
3864,True,3
3865,True,2
3866,True,3
3867,True,2
3868,False,2
3869,False,2
3870,True,2
3871,False,3
3872,False,3
3873,True,3
3874,True,3
3875,True,1
3876,True,2
3877,False,2
3878,True,3
3879,True,2
3880,True,2
3881,False,4
3882,False,2
3883,True,1
3884,True,2
3885,False,2
3886,False,2
3887,False,2
3888,False,3
3889,True,2
3890,True,2
3891,False,2
3892,True,3
3893,True,3
3894,True,1
3895,True,3
3896,False,3
3897,False,3
3898,True,4
3899,True,2
3900,True,2
3901,False,3
3902,True,2
3903,False,3
3904,True,2
3905,True,3
3906,True,3
3907,True,1
3908,True,2
3909,False,4
3910,True,2
3911,False,3
3912,True,2
3913,False,3
3914,False,3
3915,False,4
3916,True,2
3917,False,2
3918,True,1
3919,False,3
3920,True,1
3921,False,3
3922,True,1
3923,False,3
3924,False,4
3925,False,3
3926,False,3
3927,True,2
3928,True,4
3929,False,3
3930,False,3
3931,False,3
3932,False,3
3933,True,2
3934,True,3
3935,True,2
3936,True,1
3937,True,1
3938,True,3
3939,True,1
3940,False,4
3941,False,4
3942,False,3
3943,True,3
3944,False,2
3945,False,2
3946,True,2
3947,False,3
3948,False,2
3949,False,3
3950,True,2
3951,True,2
3952,True,2
3953,False,2
3954,False,2
3955,True,2
3956,True,3
3957,False,3
3958,True,2
3959,True,2
3960,False,3
3961,True,2
3962,True,3
3963,True,2
3964,False,3
3965,False,3
3966,False,3
3967,True,2
3968,True,3
3969,True,3
3970,True,3
3971,True,2
3972,False,3
3973,False,3
3974,True,3
3975,False,3
3976,False,2
3977,True,2
3978,True,2
3979,True,2
3980,False,4
3981,True,3
3982,True,1
3983,True,4
3984,False,4
3985,True,2
3986,False,3
3987,False,3
3988,True,2
3989,False,3
3990,True,2
3991,False,3
3992,True,1
3993,True,3
3994,True,4
3995,False,2
3996,False,2
3997,True,2
3998,True,3
3999,True,1
4000,True,2
4001,True,2
4002,False,4
4003,True,2
4004,False,3
4005,False,3
4006,False,3
4007,True,2
4008,True,3
4009,False,3
4010,True,2
4011,True,3
4012,False,3
4013,True,2
4014,True,3
4015,True,2
4016,False,4
4017,True,4
4018,True,3
4019,True,2
4020,False,4
4021,True,1
4022,False,3
4023,True,1
4024,True,2
4025,True,3
4026,True,2
4027,True,2
4028,True,1
4029,False,3
4030,True,2
4031,True,2
4032,False,3
4033,False,2
4034,True,2
4035,True,3
4036,True,1
4037,True,2
4038,False,2
4039,False,3
4040,False,3
4041,True,1
4042,False,4
4043,False,3
4044,False,2
4045,False,3
4046,False,3
4047,True,2
4048,False,3
4049,True,3
4050,False,3
4051,False,4
4052,True,3
4053,False,3
4054,False,2
4055,True,2
4056,True,2
4057,True,3
4058,False,4
4059,False,3
4060,True,3
4061,True,1
4062,True,2
4063,False,4
4064,False,3
4065,True,2
4066,True,2
4067,True,2
4068,True,1
4069,True,2
4070,False,4
4071,True,2
4072,False,3
4073,False,3
4074,False,4
4075,True,1
4076,True,1
4077,True,1
4078,False,3
4079,True,3
4080,True,2
4081,False,3
4082,True,1
4083,True,2
4084,False,3
4085,False,3
4086,False,4
4087,True,1
4088,False,3
4089,True,2
4090,False,3
4091,True,3
4092,True,3
4093,True,2
4094,False,3
4095,False,3
4096,True,3
4097,False,2
4098,True,3
4099,True,3
4100,False,3
4101,False,3
4102,False,3
4103,False,2
4104,True,2
4105,True,3
4106,True,2
4107,False,2
4108,True,3
4109,True,2
4110,False,3
4111,True,3
4112,True,2
4113,False,2
4114,True,2
4115,True,3
4116,True,3
4117,False,3
4118,False,4
4119,False,4
4120,True,1
4121,False,3
4122,True,2
4123,True,2
4124,True,3
4125,True,2
4126,True,2
4127,False,2
4128,True,2
4129,True,2
4130,True,2
4131,False,3
4132,True,3
4133,True,1
4134,False,4
4135,False,3
4136,True,4
4137,True,3
4138,False,3
4139,True,2
4140,True,2
4141,True,1
4142,True,2
4143,False,3
4144,True,2
4145,True,1
4146,True,2
4147,False,2
4148,True,1
4149,False,2
4150,False,3
4151,True,2
4152,True,3
4153,False,3
4154,True,2
4155,True,3
4156,False,2
4157,False,3
4158,True,3
4159,False,2
4160,False,3
4161,True,2
4162,False,3
4163,True,3
4164,False,2
4165,False,3
4166,True,2
4167,False,4
4168,True,2
4169,False,2
4170,False,3
4171,False,3
4172,True,1
4173,True,1
4174,True,4
4175,False,3
4176,True,2
4177,True,3
4178,False,4
4179,False,2
4180,True,4
4181,True,3
4182,False,3
4183,False,2
4184,True,3
4185,True,2
4186,True,3
4187,False,3
4188,False,3
4189,False,2
4190,True,4
4191,True,2
4192,False,3
4193,True,3
4194,False,2
4195,True,1
4196,False,3
4197,True,2
4198,True,1
4199,True,2
4200,False,3
4201,True,1
4202,False,3
4203,True,2
4204,True,2
4205,False,1
4206,False,4
4207,True,2
4208,True,1
4209,True,3
4210,True,2
4211,True,2
4212,False,2
4213,True,2
4214,False,2
4215,True,4
4216,True,1
4217,True,3
4218,False,2
4219,True,2
4220,True,2
4221,True,2
4222,False,3
4223,True,3
4224,False,2
4225,False,2
4226,False,3
4227,True,3
4228,True,3
4229,True,1
4230,False,3
4231,True,2
4232,True,3
4233,False,2
4234,True,3
4235,True,3
4236,False,3
4237,False,3
4238,True,1
4239,False,3
4240,False,4
4241,False,3
4242,False,4
4243,False,3
4244,True,3
4245,False,2
4246,False,3
4247,False,3
4248,True,2
4249,False,3
4250,False,3
4251,True,1
4252,True,3
4253,True,2
4254,False,2
4255,False,3
4256,False,3
4257,False,3
4258,False,3
4259,False,4
4260,True,2
4261,True,3
4262,True,1
4263,True,2
4264,False,3
4265,False,3
4266,False,3
4267,True,3
4268,False,2
4269,True,2
4270,False,3
4271,True,3
4272,True,2
4273,True,1
4274,False,3
4275,False,3
4276,True,2
4277,False,4
4278,True,2
4279,True,3
4280,True,3
4281,False,3
4282,True,1
4283,True,3
4284,True,2
4285,True,4
4286,True,3
4287,True,3
4288,True,3
4289,True,2
4290,True,2
4291,True,2
4292,True,3
4293,True,3
4294,False,3
4295,False,3
4296,True,1
4297,False,3
4298,True,2
4299,True,3
4300,True,2
4301,True,2
4302,True,1
4303,True,2
4304,True,1
4305,True,2
4306,False,3
4307,True,2
4308,True,2
4309,True,3
4310,False,2
4311,True,1
4312,True,4
4313,True,2
4314,True,3
4315,False,3
4316,True,2
4317,True,2
4318,True,3
4319,False,3
4320,True,2
4321,False,2
4322,True,2
4323,True,3
4324,False,4
4325,True,3
4326,True,3
4327,True,3
4328,False,3
4329,False,4
4330,False,2
4331,True,1
4332,False,3
4333,True,3
4334,True,2
4335,True,3
4336,True,2
4337,False,2
4338,True,3
4339,True,1
4340,True,2
4341,False,3
4342,True,2
4343,True,3
4344,True,2
4345,False,2
4346,False,3
4347,True,2
4348,False,2
4349,True,3
4350,True,2
4351,True,1
4352,True,2
4353,False,2
4354,False,4
4355,True,2
4356,False,4
4357,False,2
4358,False,3
4359,False,3
4360,True,1
4361,True,2
4362,False,3
4363,False,3
4364,True,2
4365,True,3
4366,True,2
4367,True,1
4368,False,4
4369,False,4
4370,True,2
4371,False,3
4372,False,3
4373,False,3
4374,True,3
4375,False,3
4376,True,2
4377,False,4
4378,False,3
4379,False,2
4380,True,1
4381,True,3
4382,True,3
4383,False,1
4384,True,2
4385,True,2
4386,True,2
4387,True,2
4388,True,3
4389,True,2
4390,False,3
4391,True,3
4392,True,3
4393,False,3
4394,False,3
4395,True,2
4396,True,2
4397,False,3
4398,False,3
4399,False,3
4400,True,2
4401,True,2
4402,False,3
4403,False,3
4404,False,4
4405,True,2
4406,True,3
4407,True,2
4408,True,2
4409,False,3
4410,False,3
4411,True,3
4412,False,3
4413,False,3
4414,False,2
4415,True,1
4416,True,1
4417,True,3
4418,True,2
4419,False,2
4420,True,2
4421,True,3
4422,False,3
4423,True,3
4424,True,3
4425,False,3
4426,True,1
4427,False,2
4428,False,3
4429,True,2
4430,True,1
4431,False,2
4432,True,3
4433,False,2
4434,False,4
4435,True,2
4436,True,2
4437,False,2
4438,True,2
4439,False,2
4440,False,2
4441,True,1
4442,True,2
4443,True,3
4444,True,1
4445,False,2
4446,True,2
4447,True,1
4448,False,3
4449,True,1
4450,False,3
4451,False,4
4452,True,2
4453,True,3
4454,False,3
4455,False,3
4456,False,3
4457,True,2
4458,True,3
4459,True,2
4460,True,2
4461,False,3
4462,True,2
4463,False,3
4464,True,1
4465,True,2
4466,True,3
4467,False,4
4468,False,2
4469,True,1
4470,True,2
4471,False,3
4472,False,3
4473,False,3
4474,True,2
4475,False,3
4476,False,3
4477,True,4
4478,False,3
4479,False,4
4480,True,2
4481,True,3
4482,True,1
4483,True,2
4484,True,1
4485,False,3
4486,True,3
4487,True,2
4488,True,2
4489,False,2
4490,True,2
4491,True,2
4492,True,2
4493,True,2
4494,True,2
4495,True,1
4496,False,3
4497,True,2
4498,True,2
4499,True,2
4500,True,2
4501,False,3
4502,False,3
4503,True,1
4504,True,2
4505,True,3
4506,False,4
4507,True,2
4508,True,3
4509,True,2
4510,False,2
4511,True,3
4512,True,3
4513,False,3
4514,True,3
4515,False,3
4516,False,4
4517,True,3
4518,False,2
4519,True,2
4520,True,2
4521,True,3
4522,False,4
4523,False,2
4524,True,2
4525,True,2
4526,True,2
4527,True,1
4528,True,2
4529,False,3
4530,True,2
4531,True,2
4532,False,2
4533,True,3
4534,True,2
4535,True,3
4536,True,3
4537,True,2
4538,True,4
4539,True,3
4540,True,3
4541,True,2
4542,True,2
4543,True,1
4544,False,2
4545,True,1
4546,True,2
4547,False,2
4548,False,3
4549,True,1
4550,False,2
4551,False,3
4552,False,2
4553,False,3
4554,False,2
4555,True,2
4556,False,4
4557,True,2
4558,False,3
4559,True,2
4560,False,4
4561,False,2
4562,True,2
4563,True,2
4564,False,2
4565,True,3
4566,False,3
4567,True,3
4568,False,2
4569,True,3
4570,True,3
4571,True,2
4572,True,2
4573,True,2
4574,False,3
4575,True,1
4576,True,2
4577,True,3
4578,False,2
4579,False,3
4580,False,3
4581,False,2
4582,True,2
4583,False,4
4584,False,3
4585,True,2
4586,False,2
4587,True,3
4588,True,3
4589,False,3
4590,True,3
4591,True,2
4592,False,4
4593,True,1
4594,False,3
4595,True,3
4596,False,4
4597,True,2
4598,True,2
4599,False,4
4600,False,3
4601,False,3
4602,True,3
4603,True,2
4604,False,2
4605,True,1
4606,False,3
4607,True,3
4608,False,4
4609,True,2
4610,True,3
4611,True,3
4612,True,2
4613,False,3
4614,True,3
4615,False,3
4616,False,3
4617,False,2
4618,False,3
4619,True,3
4620,True,2
4621,False,3
4622,False,2
4623,False,3
4624,True,2
4625,False,2
4626,True,2
4627,False,4
4628,True,1
4629,False,3
4630,True,1
4631,True,4
4632,True,2
4633,True,3
4634,True,2
4635,False,3
4636,True,3
4637,True,2
4638,True,4
4639,True,2
4640,False,4
4641,False,3
4642,False,3
4643,False,2
4644,True,2
4645,True,2
4646,True,3
4647,True,3
4648,False,2
4649,False,4
4650,True,3
4651,False,3
4652,True,2
4653,True,3
4654,False,2
4655,False,3
4656,True,1
4657,True,1
4658,False,3
4659,False,4
4660,True,3
4661,True,4
4662,False,3
4663,False,3
4664,True,3
4665,False,4
4666,False,3
4667,False,3
4668,True,2
4669,True,2
4670,False,3
4671,False,3
4672,True,2
4673,True,3
4674,False,3
4675,False,3
4676,False,2
4677,False,3
4678,True,2
4679,True,3
4680,True,3
4681,False,3
4682,True,1
4683,False,4
4684,False,2
4685,True,2
4686,False,3
4687,True,3
4688,True,2
4689,True,1
4690,False,2
4691,True,2
4692,True,2
4693,True,3
4694,False,3
4695,False,3
4696,True,3
4697,False,3
4698,False,3
4699,True,2
4700,True,2
4701,True,3
4702,True,3
4703,True,2
4704,True,1
4705,False,3
4706,True,2
4707,True,2
4708,True,3
4709,False,3
4710,True,3
4711,True,1
4712,False,2
4713,True,1
4714,True,2
4715,True,3
4716,True,3
4717,False,3
4718,True,3
4719,True,2
4720,False,3
4721,False,3
4722,False,3
4723,True,3
4724,False,4
4725,False,3
4726,True,2
4727,True,3
4728,True,1
4729,True,2
4730,True,3
4731,True,2
4732,True,1
4733,True,2
4734,False,3
4735,False,3
4736,False,3
4737,True,2
4738,True,2
4739,True,3
4740,True,3
4741,True,1
4742,False,2
4743,True,2
4744,True,2
4745,False,4
4746,True,4
4747,False,4
4748,False,3
4749,False,4
4750,True,3
4751,False,3
4752,False,4
4753,False,2
4754,True,2
4755,True,3
4756,False,3
4757,True,3
4758,False,3
4759,True,2
4760,True,2
4761,True,2
4762,True,3
4763,True,3
4764,True,2
4765,False,3
4766,False,3
4767,True,2
4768,False,2
4769,False,2
4770,True,2
4771,True,2
4772,True,2
4773,False,4
4774,False,3
4775,True,3
4776,True,3
4777,True,1
4778,False,3
4779,True,2
4780,False,3
4781,True,1
4782,False,3
4783,True,3
4784,False,3
4785,True,3
4786,True,2
4787,False,3
4788,False,2
4789,False,3
4790,True,2
4791,False,3
4792,True,2
4793,False,3
4794,False,3
4795,False,4
4796,True,2
4797,False,2
4798,False,3
4799,False,2
4800,False,1
4801,False,3
4802,False,3
4803,True,3
4804,False,3
4805,False,4
4806,False,3
4807,True,1
4808,False,2
4809,True,3
4810,True,3
4811,True,2
4812,True,2
4813,False,2
4814,False,2
4815,False,2
4816,False,4
4817,True,3
4818,False,3
4819,True,1
4820,True,3
4821,False,3
4822,True,3
4823,True,3
4824,True,2
4825,True,3
4826,True,3
4827,True,3
4828,True,3
4829,False,3
4830,False,3
4831,True,3
4832,False,4
4833,True,1
4834,False,3
4835,False,4
4836,True,3
4837,True,3
4838,False,3
4839,False,4
4840,True,2
4841,True,4
4842,False,3
4843,False,3
4844,True,2
4845,True,2
4846,False,3
4847,False,4
4848,True,3
4849,False,2
4850,False,2
4851,False,3
4852,True,3
4853,True,2
4854,True,2
4855,True,2
4856,False,3
4857,False,2
4858,False,3
4859,True,3
4860,True,4
4861,True,2
4862,True,2
4863,True,2
4864,False,3
4865,True,3
4866,False,3
4867,True,2
4868,True,2
4869,True,3
4870,False,3
4871,True,3
4872,True,2
4873,False,3
4874,False,3
4875,True,2
4876,True,3
4877,False,3
4878,True,4
4879,False,3
4880,True,2
4881,False,3
4882,True,3
4883,True,2
4884,False,2
4885,True,2
4886,True,2
4887,False,3
4888,True,2
4889,True,3
4890,True,1
4891,False,3
4892,True,2
4893,True,2
4894,False,3
4895,True,3
4896,True,2
4897,True,2
4898,False,3
4899,False,3
4900,True,2
4901,True,3
4902,False,3
4903,False,3
4904,False,2
4905,False,3
4906,True,2
4907,True,3
4908,True,1
4909,True,2
4910,True,2
4911,True,3
4912,True,3
4913,True,2
4914,True,3
4915,True,2
4916,True,2
4917,False,3
4918,False,3
4919,True,2
4920,True,1
4921,True,2
4922,True,2
4923,False,3
4924,True,2
4925,False,3
4926,True,3
4927,False,3
4928,False,3
4929,True,3
4930,True,2
4931,False,3
4932,False,2
4933,False,3
4934,True,2
4935,False,3
4936,False,3
4937,False,2
4938,False,3
4939,True,2
4940,True,4
4941,False,2
4942,False,2
4943,False,2
4944,True,2
4945,True,2
4946,True,3
4947,True,2
4948,True,2
4949,True,2
4950,False,3
4951,True,2
4952,True,1
4953,True,2
4954,True,2
4955,True,2
4956,False,4
4957,True,2
4958,False,2
4959,True,2
4960,True,2
4961,True,3
4962,True,2
4963,True,3
4964,True,2
4965,True,3
4966,True,2
4967,True,2
4968,True,1
4969,True,2
4970,True,2
4971,False,3
4972,True,3
4973,False,3
4974,True,2
4975,True,3
4976,True,3
4977,True,3
4978,False,3
4979,False,3
4980,True,2
4981,False,4
4982,False,4
4983,True,1
4984,True,2
4985,False,3
4986,True,2
4987,True,2
4988,True,3
4989,False,2
4990,True,2
4991,True,3
4992,False,3
4993,True,2
4994,True,4
4995,True,2
4996,False,3
4997,True,4
4998,False,3
4999,True,1
5000,False,3
5001,True,1
5002,False,2
5003,False,2
5004,False,3
5005,True,3
5006,False,2
5007,True,2
5008,False,2
5009,True,3
5010,True,2
5011,True,3
5012,True,2
5013,False,2
5014,False,2
5015,False,3
5016,False,2
5017,False,3
5018,True,3
5019,False,2
5020,False,4
5021,False,2
5022,False,4
5023,True,3
5024,True,3
5025,True,4
5026,True,2
5027,True,4
5028,True,1
5029,True,2
5030,False,2
5031,True,2
5032,True,2
5033,True,2
5034,True,2
5035,False,2
5036,False,3
5037,True,2
5038,True,1
5039,False,3
5040,False,3
5041,False,3
5042,False,3
5043,True,2
5044,True,3
5045,True,3
5046,False,3
5047,True,1
5048,False,3
5049,True,4
5050,True,2
5051,True,2
5052,True,2
5053,False,3
5054,True,2
5055,True,3
5056,True,1
5057,True,1
5058,True,2
5059,True,1
5060,True,2
5061,False,2
5062,True,2
5063,True,1
5064,True,3
5065,True,3
5066,True,2
5067,False,3
5068,True,2
5069,False,2
5070,True,1
5071,True,2
5072,False,3
5073,True,4
5074,True,2
5075,False,3
5076,True,3
5077,True,3
5078,True,3
5079,True,3
5080,True,2
5081,False,3
5082,True,1
5083,True,2
5084,True,2
5085,True,3
5086,True,2
5087,True,3
5088,False,3
5089,False,3
5090,False,3
5091,True,2
5092,True,3
5093,True,2
5094,True,4
5095,False,3
5096,True,1
5097,True,2
5098,False,3
5099,False,2
5100,True,1
5101,False,2
5102,True,1
5103,False,3
5104,False,2
5105,True,2
5106,True,2
5107,True,3
5108,True,3
5109,False,4
5110,True,2
5111,False,3
5112,True,3
5113,True,3
5114,False,3
5115,False,2
5116,False,3
5117,True,3
5118,False,3
5119,False,3
5120,True,1
5121,True,3
5122,False,3
5123,True,3
5124,True,3
5125,True,2
5126,True,4
5127,False,3
5128,False,3
5129,True,4
5130,False,4
5131,False,2
5132,True,2
5133,True,2
5134,False,2
5135,False,3
5136,False,3
5137,True,2
5138,True,3
5139,True,1
5140,False,3
5141,True,1
5142,True,3
5143,True,1
5144,False,3
5145,True,4
5146,False,3
5147,True,3
5148,True,1
5149,True,4
5150,False,3
5151,False,2
5152,True,2
5153,True,3
5154,False,3
5155,True,2
5156,True,2
5157,False,2
5158,False,3
5159,False,3
5160,False,3
5161,True,3
5162,True,2
5163,False,3
5164,True,1
5165,True,4
5166,True,2
5167,True,2
5168,True,2
5169,False,3
5170,True,2
5171,True,2
5172,True,2
5173,False,3
5174,True,1
5175,True,1
5176,False,3
5177,True,2
5178,True,2
5179,True,2
5180,True,3
5181,True,2
5182,False,2
5183,True,3
5184,True,3
5185,True,1
5186,True,2
5187,False,3
5188,True,3
5189,True,2
5190,True,3
5191,False,3
5192,True,3
5193,False,3
5194,False,3
5195,True,1
5196,True,1
5197,False,2
5198,True,4
5199,False,3
5200,False,3
5201,True,2
5202,False,3
5203,True,2
5204,False,2
5205,False,3
5206,False,2
5207,False,2
5208,True,1
5209,False,2
5210,True,2
5211,True,2
5212,True,2
5213,True,2
5214,False,4
5215,True,1
5216,False,3
5217,True,3
5218,True,2
5219,True,2
5220,True,2
5221,True,2
5222,True,3
5223,True,3
5224,False,3
5225,True,2
5226,True,3
5227,True,2
5228,False,2
5229,True,3
5230,False,3
5231,True,4
5232,True,3
5233,True,2
5234,True,4
5235,True,3
5236,True,3
5237,True,2
5238,True,1
5239,False,3
5240,True,3
5241,True,2
5242,True,2
5243,True,3
5244,False,2
5245,True,3
5246,False,2
5247,True,3
5248,False,2
5249,True,2
5250,False,4
5251,True,3
5252,True,2
5253,True,1
5254,False,3
5255,False,3
5256,True,3
5257,True,3
5258,True,2
5259,False,3
5260,True,2
5261,False,3
5262,True,3
5263,True,3
5264,False,2
5265,True,2
5266,False,3
5267,False,3
5268,True,1
5269,True,2
5270,True,2
5271,True,1
5272,False,3
5273,True,3
5274,False,3
5275,True,3
5276,True,2
5277,False,2
5278,False,3
5279,False,3
5280,False,3
5281,True,3
5282,True,3
5283,True,2
5284,True,2
5285,True,2
5286,True,3
5287,True,3
5288,True,3
5289,True,2
5290,False,3
5291,True,2
5292,True,1
5293,False,2
5294,False,3
5295,True,1
5296,True,2
5297,True,2
5298,True,2
5299,True,3
5300,True,3
5301,False,2
5302,False,3
5303,True,2
5304,True,3
5305,False,2
5306,True,2
5307,True,2
5308,True,2
5309,False,3
5310,True,4
5311,True,3
5312,True,1
5313,True,2
5314,True,1
5315,True,2
5316,False,2
5317,False,3
5318,True,2
5319,True,2
5320,False,3
5321,True,3
5322,True,4
5323,False,3
5324,True,1
5325,False,4
5326,True,2
5327,False,2
5328,True,3
5329,True,1
5330,False,3
5331,True,2
5332,False,3
5333,True,2
5334,False,3
5335,True,3
5336,True,2
5337,False,4
5338,False,3
5339,True,3
5340,False,2
5341,False,4
5342,True,2
5343,True,2
5344,True,3
5345,False,2
5346,True,2
5347,True,2
5348,True,1
5349,False,3
5350,True,2
5351,True,1
5352,False,2
5353,True,3
5354,True,3
5355,False,2
5356,False,3
5357,True,2
5358,True,3
5359,False,3
5360,True,3
5361,True,1
5362,False,3
5363,True,2
5364,False,3
5365,False,3
5366,True,2
5367,True,1
5368,True,3
5369,True,3
5370,True,2
5371,False,3
5372,True,3
5373,False,4
5374,False,2
5375,False,4
5376,True,2
5377,False,3
5378,True,2
5379,True,1
5380,True,2
5381,True,2
5382,True,2
5383,True,1
5384,False,4
5385,True,3
5386,False,3
5387,False,2
5388,True,2
5389,True,3
5390,True,2
5391,False,3
5392,False,4
5393,False,3
5394,False,2
5395,True,3
5396,False,3
5397,False,3
5398,True,3
5399,False,2
5400,False,3
5401,True,2
5402,True,2
5403,True,4
5404,True,1
5405,True,2
5406,True,2
5407,True,2
5408,True,2
5409,True,2
5410,False,3
5411,True,3
5412,True,1
5413,True,3
5414,False,1
5415,False,4
5416,False,4
5417,False,3
5418,True,2
5419,False,3
5420,True,2
5421,True,3
5422,True,2
5423,False,3
5424,False,3
5425,True,3
5426,True,2
5427,False,2
5428,True,2
5429,True,2
5430,True,4
5431,True,2
5432,True,3
5433,True,4
5434,False,2
5435,False,3
5436,True,2
5437,False,3
5438,True,2
5439,False,2
5440,True,3
5441,True,3
5442,True,2
5443,False,2
5444,True,2
5445,False,4
5446,False,4
5447,False,3
5448,True,2
5449,True,2
5450,True,2
5451,True,2
5452,True,2
5453,True,3
5454,False,4
5455,True,1
5456,False,2
5457,True,3
5458,False,3
5459,True,3
5460,True,2
5461,True,3
5462,False,3
5463,True,2
5464,True,2
5465,True,3
5466,False,3
5467,True,2
5468,True,2
5469,False,3
5470,False,3
5471,True,2
5472,True,3
5473,False,3
5474,True,2
5475,True,2
5476,True,3
5477,True,2
5478,True,2
5479,False,2
5480,False,3
5481,True,3
5482,True,3
5483,True,2
5484,False,3
5485,True,2
5486,True,3
5487,True,1
5488,True,2
5489,True,2
5490,True,2
5491,True,2
5492,True,2
5493,True,3
5494,True,2
5495,False,2
5496,False,3
5497,True,1
5498,True,4
5499,True,1
5500,True,3
5501,True,3
5502,True,2
5503,True,1
5504,True,4
5505,False,3
5506,True,2
5507,False,3
5508,True,2
5509,True,3
5510,True,2
5511,True,3
5512,False,3
5513,False,4
5514,True,3
5515,False,2
5516,True,2
5517,True,2
5518,False,2
5519,True,1
5520,True,2
5521,False,4
5522,False,3
5523,True,3
5524,True,2
5525,False,4
5526,False,2
5527,True,2
5528,True,1
5529,False,3
5530,True,3
5531,True,2
5532,True,3
5533,False,3
5534,True,4
5535,True,3
5536,False,4
5537,True,4
5538,True,2
5539,True,3
5540,True,2
5541,True,2
5542,False,2
5543,False,3
5544,False,3
5545,False,4
5546,False,3
5547,True,3
5548,True,2
5549,True,2
5550,True,2
5551,True,3
5552,False,3
5553,False,2
5554,True,2
5555,False,3
5556,False,3
5557,True,1
5558,False,3
5559,False,2
5560,True,3
5561,True,2
5562,False,4
5563,False,3
5564,True,2
5565,False,3
5566,False,4
5567,True,3
5568,True,2
5569,True,2
5570,True,2
5571,True,1
5572,True,2
5573,True,1
5574,False,4
5575,False,4
5576,True,3
5577,True,3
5578,True,2
5579,False,4
5580,True,2
5581,True,2
5582,True,3
5583,False,2
5584,True,2
5585,True,1
5586,False,4
5587,False,4
5588,False,3
5589,True,2
5590,True,3
5591,True,2
5592,False,3
5593,True,2
5594,False,4
5595,True,2
5596,False,2
5597,True,2
5598,True,3
5599,True,2
5600,False,2
5601,False,3
5602,False,4
5603,False,2
5604,True,1
5605,True,2
5606,True,2
5607,True,1
5608,True,3
5609,False,2
5610,True,2
5611,True,1
5612,False,2
5613,False,3
5614,True,2
5615,True,2
5616,False,3
5617,False,2
5618,False,4
5619,True,3
5620,True,2
5621,False,3
5622,False,2
5623,True,2
5624,True,3
5625,False,3
5626,False,4
5627,False,4
5628,False,3
5629,True,3
5630,False,2
5631,True,3
5632,False,3
5633,False,3
5634,True,2
5635,True,2
5636,True,2
5637,True,2
5638,True,3
5639,False,2
5640,False,3
5641,True,1
5642,True,2
5643,True,2
5644,False,3
5645,True,3
5646,False,3
5647,True,3
5648,False,3
5649,True,3
5650,True,3
5651,True,3
5652,True,3
5653,True,2
5654,True,2
5655,False,3
5656,True,2
5657,True,3
5658,False,3
5659,False,3
5660,False,3
5661,True,2
5662,True,2
5663,True,1
5664,False,3
5665,False,4
5666,True,2
5667,True,2
5668,True,2
5669,True,3
5670,False,2
5671,True,2
5672,True,3
5673,True,2
5674,True,1
5675,False,3
5676,False,3
5677,False,2
5678,True,3
5679,False,3
5680,True,3
5681,True,4
5682,False,2
5683,True,3
5684,True,2
5685,True,2
5686,True,3
5687,False,3
5688,False,3
5689,True,3
5690,True,2
5691,False,3
5692,False,3
5693,True,2
5694,False,4
5695,True,3
5696,True,3
5697,True,2
5698,False,3
5699,False,3
5700,False,3
5701,True,1
5702,False,3
5703,False,3
5704,True,1
5705,True,2
5706,False,3
5707,True,2
5708,True,3
5709,True,3
5710,True,2
5711,True,2
5712,False,4
5713,False,4
5714,True,2
5715,True,2
5716,False,3
5717,True,1
5718,False,2
5719,False,3
5720,False,3
5721,True,1
5722,False,3
5723,True,2
5724,True,3
5725,True,3
5726,True,1
5727,False,3
5728,False,4
5729,True,2
5730,True,3
5731,True,2
5732,True,2
5733,True,2
5734,True,3
5735,True,2
5736,True,4
5737,True,3
5738,True,3
5739,False,2
5740,True,4
5741,False,4
5742,True,3
5743,True,1
5744,True,3
5745,True,2
5746,True,2
5747,False,4
5748,True,3
5749,True,2
5750,True,2
5751,True,4
5752,False,4
5753,False,2
5754,True,3
5755,False,3
5756,False,4
5757,False,3
5758,False,2
5759,False,3
5760,True,3
5761,False,3
5762,False,3
5763,True,3
5764,False,3
5765,True,1
5766,False,3
5767,False,2
5768,False,3
5769,False,3
5770,True,3
5771,True,4
5772,True,2
5773,True,2
5774,True,1
5775,False,3
5776,True,2
5777,True,3
5778,True,2
5779,True,2
5780,True,3
5781,True,2
5782,True,3
5783,False,2
5784,True,2
5785,True,3
5786,False,2
5787,True,2
5788,True,2
5789,False,3
5790,False,2
5791,True,3
5792,True,1
5793,False,3
5794,True,3
5795,False,3
5796,False,1
5797,False,4
5798,False,3
5799,False,4
5800,True,3
5801,True,2
5802,True,3
5803,True,2
5804,False,2
5805,False,2
5806,True,1
5807,True,1
5808,True,3
5809,False,1
5810,False,2
5811,True,1
5812,True,2
5813,True,2
5814,True,2
5815,True,2
5816,False,3
5817,False,2
5818,True,1
5819,True,3
5820,False,3
5821,True,4
5822,False,3
5823,True,2
5824,True,2
5825,False,3
5826,False,3
5827,False,3
5828,True,3
5829,False,3
5830,True,2
5831,False,2
5832,True,3
5833,True,1
5834,False,3
5835,False,2
5836,False,4
5837,True,1
5838,True,1
5839,True,2
5840,True,2
5841,True,2
5842,True,2
5843,False,4
5844,True,1
5845,True,3
5846,True,2
5847,True,3
5848,False,2
5849,False,4
5850,False,3
5851,True,3
5852,False,3
5853,True,1
5854,True,2
5855,True,2
5856,True,2
5857,True,2
5858,False,4
5859,False,2
5860,True,2
5861,False,3
5862,False,3
5863,True,3
5864,True,2
5865,False,2
5866,False,1
5867,False,3
5868,False,4
5869,False,3
5870,True,3
5871,False,2
5872,False,3
5873,True,1
5874,True,1
5875,False,3
5876,False,4
5877,False,3
5878,False,3
5879,False,3
5880,False,2
5881,False,3
5882,True,2
5883,False,2
5884,False,4
5885,False,3
5886,True,2
5887,False,3
5888,False,3
5889,True,2
5890,False,3
5891,False,3
5892,True,2
5893,True,1
5894,True,2
5895,True,2
5896,True,1
5897,True,3
5898,False,3
5899,False,3
5900,True,2
5901,True,1
5902,False,2
5903,True,2
5904,True,3
5905,True,2
5906,True,2
5907,True,2
5908,True,3
5909,False,4
5910,True,4
5911,True,2
5912,False,2
5913,True,3
5914,True,3
5915,True,3
5916,True,3
5917,False,2
5918,False,4
5919,True,2
5920,True,1
5921,True,3
5922,False,3
5923,True,3
5924,True,3
5925,True,2
5926,False,3
5927,False,3
5928,True,2
5929,True,2
5930,True,2
5931,True,2
5932,True,3
5933,True,2
5934,False,3
5935,True,2
5936,False,4
5937,True,3
5938,True,1
5939,True,1
5940,True,3
5941,True,3
5942,False,3
5943,True,3
5944,False,2
5945,False,3
5946,True,4
5947,True,3
5948,False,3
5949,True,2
5950,True,1
5951,True,2
5952,False,4
5953,True,1
5954,True,2
5955,True,1
5956,True,2
5957,True,3
5958,True,2
5959,False,2
5960,False,4
5961,True,3
5962,False,3
5963,True,2
5964,False,3
5965,True,3
5966,True,2
5967,False,3
5968,False,4
5969,True,2
5970,True,3
5971,True,1
5972,False,3
5973,True,3
5974,True,3
5975,True,2
5976,True,3
5977,True,2
5978,True,2
5979,True,3
5980,True,2
5981,True,3
5982,True,3
5983,True,2
5984,False,3
5985,False,4
5986,False,3
5987,False,2
5988,True,3
5989,True,1
5990,False,3
5991,False,2
5992,True,3
5993,True,2
5994,True,2
5995,True,4
5996,True,3
5997,False,2
5998,True,3
5999,True,1
6000,False,3
6001,True,3
6002,True,2
6003,True,1
6004,True,2
6005,True,1
6006,True,2
6007,False,3
6008,False,3
6009,False,3
6010,True,3
6011,True,3
6012,False,3
6013,True,3
6014,True,1
6015,True,2
6016,True,3
6017,True,1
6018,True,3
6019,False,3
6020,False,3
6021,True,3
6022,True,3
6023,True,2
6024,True,1
6025,False,3
6026,True,2
6027,False,2
6028,False,3
6029,True,2
6030,True,3
6031,False,3
6032,False,4
6033,False,3
6034,True,2
6035,True,1
6036,False,3
6037,True,2
6038,False,4
6039,True,3
6040,False,3
6041,True,2
6042,True,3
6043,True,2
6044,False,3
6045,False,3
6046,False,2
6047,True,2
6048,True,2
6049,True,1
6050,True,2
6051,True,2
6052,False,4
6053,False,3
6054,True,1
6055,True,2
6056,False,3
6057,False,2
6058,True,3
6059,False,3
6060,True,3
6061,True,2
6062,True,3
6063,True,3
6064,False,3
6065,True,3
6066,True,1
6067,True,3
6068,False,2
6069,True,3
6070,False,3
6071,True,2
6072,False,3
6073,True,2
6074,True,2
6075,True,3
6076,True,3
6077,True,2
6078,True,3
6079,True,2
6080,False,4
6081,False,3
6082,False,3
6083,False,3
6084,True,2
6085,False,3
6086,True,3
6087,True,3
6088,False,3
6089,True,2
6090,False,2
6091,False,4
6092,False,4
6093,False,3
6094,True,2
6095,True,2
6096,True,2
6097,False,4
6098,False,2
6099,True,1
6100,False,3
6101,True,1
6102,True,2
6103,True,2
6104,False,2
6105,True,4
6106,True,2
6107,False,3
6108,True,2
6109,True,1
6110,False,3
6111,True,2
6112,True,2
6113,False,2
6114,True,2
6115,True,1
6116,True,1
6117,False,4
6118,True,1
6119,True,3
6120,True,1
6121,False,4
6122,True,3
6123,True,2
6124,True,3
6125,True,2
6126,False,3
6127,True,1
6128,False,4
6129,True,4
6130,True,2
6131,False,3
6132,True,2
6133,True,1
6134,True,4
6135,False,4
6136,False,3
6137,True,1
6138,True,3
6139,True,4
6140,True,1
6141,False,2
6142,True,1
6143,False,2
6144,False,3
6145,True,2
6146,True,2
6147,False,3
6148,True,4
6149,True,2
6150,True,2
6151,True,2
6152,False,4
6153,True,2
6154,True,2
6155,True,2
6156,True,3
6157,True,1
6158,False,3
6159,True,2
6160,False,2
6161,True,2
6162,True,2
6163,False,3
6164,False,4
6165,True,1
6166,False,3
6167,False,4
6168,False,3
6169,True,3
6170,False,4
6171,True,2
6172,False,2
6173,False,4
6174,True,2
6175,True,3
6176,True,3
6177,False,2
6178,False,3
6179,False,3
6180,False,4
6181,False,4
6182,True,1
6183,True,1
6184,True,2
6185,True,1
6186,False,3
6187,True,2
6188,False,4
6189,True,2
6190,True,1
6191,True,4
6192,True,2
6193,False,2
6194,True,1
6195,False,3
6196,False,3
6197,True,3
6198,False,3
6199,False,3
6200,False,3
6201,True,2
6202,True,1
6203,True,3
6204,True,2
6205,False,4
6206,True,2
6207,True,2
6208,False,2
6209,False,2
6210,True,3
6211,False,3
6212,True,1
6213,False,4
6214,True,2
6215,False,4
6216,True,1
6217,True,1
6218,True,2
6219,False,2
6220,True,2
6221,False,2
6222,False,3
6223,False,2
6224,False,3
6225,True,2
6226,True,2
6227,True,3
6228,True,3
6229,True,2
6230,True,2
6231,False,2
6232,True,4
6233,True,3
6234,True,3
6235,True,2
6236,True,1
6237,False,3
6238,True,3
6239,False,3
6240,False,2
6241,False,2
6242,False,2
6243,True,3
6244,True,3
6245,True,3
6246,True,2
6247,True,2
6248,True,2
6249,True,1
6250,False,3
6251,False,2
6252,True,3
6253,True,1
6254,True,2
6255,False,4
6256,True,2
6257,True,2
6258,False,2
6259,True,2
6260,True,2
6261,False,3
6262,True,2
6263,True,2
6264,True,2
6265,False,3
6266,False,3
6267,False,2
6268,False,4
6269,True,3
6270,False,4
6271,True,2
6272,True,2
6273,False,3
6274,True,2
6275,True,4
6276,False,3
6277,True,3
6278,False,4
6279,True,3
6280,False,4
6281,True,2
6282,False,4
6283,True,3
6284,True,1
6285,True,2
6286,True,3
6287,True,1
6288,False,3
6289,True,1
6290,False,3
6291,True,2
6292,True,3
6293,True,2
6294,True,4
6295,True,2
6296,False,3
6297,True,3
6298,True,3
6299,True,2
6300,False,3
6301,True,2
6302,True,2
6303,False,2
6304,True,2
6305,False,4
6306,True,3
6307,True,3
6308,True,1
6309,False,3
6310,False,2
6311,False,2
6312,False,2
6313,True,1
6314,False,4
6315,False,2
6316,True,1
6317,False,3
6318,False,3
6319,True,1
6320,False,4
6321,True,3
6322,False,3
6323,True,3
6324,False,3
6325,True,2
6326,True,3
6327,True,4
6328,False,3
6329,False,3
6330,True,1
6331,True,2
6332,False,3
6333,True,2
6334,True,1
6335,False,3
6336,False,3
6337,False,2
6338,True,2
6339,False,3
6340,True,3
6341,False,3
6342,False,2
6343,False,2
6344,False,3
6345,True,2
6346,True,2
6347,True,2
6348,False,3
6349,True,2
6350,False,3
6351,False,1
6352,False,3
6353,True,2
6354,True,3
6355,True,2
6356,True,3
6357,True,2
6358,False,2
6359,True,1
6360,False,2
6361,False,3
6362,False,3
6363,True,2
6364,True,3
6365,True,3
6366,False,3
6367,True,2
6368,False,3
6369,False,2
6370,False,3
6371,False,4
6372,True,2
6373,False,2
6374,True,1
6375,False,3
6376,True,2
6377,True,2
6378,True,4
6379,False,2
6380,False,3
6381,False,4
6382,True,3
6383,False,3
6384,False,2
6385,True,2
6386,True,1
6387,True,1
6388,False,2
6389,True,2
6390,True,1
6391,True,3
6392,False,2
6393,True,3
6394,True,2
6395,True,3
6396,True,2
6397,True,2
6398,True,2
6399,False,2
6400,False,2
6401,False,3
6402,True,3
6403,True,3
6404,False,3
6405,True,2
6406,False,3
6407,False,3
6408,True,2
6409,False,3
6410,False,4
6411,False,3
6412,True,2
6413,True,2
6414,True,1
6415,True,2
6416,False,3
6417,False,4
6418,True,2
6419,False,3
6420,False,3
6421,False,3
6422,True,2
6423,True,2
6424,False,3
6425,False,3
6426,True,2
6427,True,3
6428,False,4
6429,True,3
6430,True,2
6431,True,2
6432,True,2
6433,True,2
6434,True,3
6435,True,1
6436,True,2
6437,True,2
6438,False,2
6439,True,1
6440,False,2
6441,False,3
6442,True,3
6443,False,4
6444,False,2
6445,False,3
6446,True,2
6447,True,2
6448,True,2
6449,True,2
6450,False,3
6451,True,2
6452,True,2
6453,True,3
6454,False,3
6455,True,3
6456,True,3
6457,True,2
6458,True,2
6459,True,2
6460,True,2
6461,True,2
6462,True,1
6463,True,2
6464,True,4
6465,True,2
6466,False,3
6467,True,3
6468,True,2
6469,False,3
6470,True,2
6471,True,3
6472,False,2
6473,True,2
6474,False,4
6475,True,3
6476,True,3
6477,True,2
6478,True,2
6479,False,3
6480,False,3
6481,True,3
6482,False,4
6483,False,2
6484,True,1
6485,True,2
6486,True,2
6487,True,3
6488,True,3
6489,False,3
6490,False,3
6491,True,2
6492,False,2
6493,True,3
6494,False,4
6495,True,2
6496,True,2
6497,False,3
6498,False,3
6499,True,1
6500,True,1
6501,True,2
6502,True,2
6503,True,3
6504,True,2
6505,False,3
6506,True,3
6507,False,3
6508,True,2
6509,False,2
6510,True,3
6511,False,3
6512,True,4
6513,False,2
6514,True,3
6515,True,3
6516,True,3
6517,True,3
6518,False,2
6519,True,2
6520,True,3
6521,False,3
6522,False,2
6523,False,3
6524,False,3
6525,True,3
6526,False,2
6527,False,2
6528,True,2
6529,False,3
6530,True,2
6531,False,2
6532,False,2
6533,False,3
6534,True,3
6535,False,3
6536,True,2
6537,False,3
6538,True,1
6539,True,2
6540,True,2
6541,True,4
6542,False,2
6543,True,2
6544,False,3
6545,False,3
6546,True,2
6547,True,2
6548,True,3
6549,True,3
6550,False,2
6551,True,2
6552,True,1
6553,False,3
6554,True,3
6555,True,1
6556,True,3
6557,True,2
6558,True,1
6559,True,3
6560,True,1
6561,True,2
6562,False,3
6563,True,2
6564,True,3
6565,True,2
6566,True,3
6567,True,2
6568,True,1
6569,True,1
6570,True,2
6571,False,3
6572,True,2
6573,True,3
6574,False,2
6575,True,2
6576,True,1
6577,True,2
6578,True,3
6579,True,1
6580,False,3
6581,True,1
6582,True,3
6583,False,3
6584,True,2
6585,True,3
6586,False,4
6587,False,3
6588,False,3
6589,False,3
6590,True,3
6591,True,2
6592,False,3
6593,True,4
6594,True,2
6595,True,2
6596,True,2
6597,False,3
6598,True,2
6599,True,2
6600,True,3
6601,False,4
6602,True,4
6603,False,3
6604,False,3
6605,False,3
6606,True,3
6607,True,3
6608,True,2
6609,False,3
6610,True,2
6611,True,1
6612,True,2
6613,True,3
6614,True,4
6615,True,1
6616,True,3
6617,False,3
6618,False,2
6619,False,3
6620,True,2
6621,False,3
6622,False,2
6623,False,2
6624,True,3
6625,False,3
6626,False,3
6627,True,1
6628,False,4
6629,True,4
6630,True,2
6631,False,3
6632,False,3
6633,True,3
6634,False,3
6635,False,3
6636,True,2
6637,False,2
6638,True,3
6639,False,3
6640,False,3
6641,True,2
6642,True,3
6643,True,3
6644,False,4
6645,True,3
6646,True,3
6647,True,3
6648,True,1
6649,True,3
6650,True,2
6651,True,2
6652,False,4
6653,True,3
6654,False,4
6655,True,3
6656,False,4
6657,False,3
6658,True,2
6659,True,1
6660,False,3
6661,False,2
6662,True,3
6663,True,3
6664,False,4
6665,True,3
6666,True,4
6667,True,3
6668,True,3
6669,True,3
6670,True,4
6671,False,2
6672,True,2
6673,True,1
6674,False,4
6675,False,3
6676,False,3
6677,True,2
6678,False,1
6679,True,2
6680,True,3
6681,False,2
6682,False,3
6683,False,1
6684,False,3
6685,True,1
6686,False,2
6687,False,3
6688,True,3
6689,True,3
6690,True,3
6691,False,4
6692,False,3
6693,False,3
6694,True,3
6695,True,2
6696,False,2
6697,True,3
6698,False,3
6699,True,2
6700,True,2
6701,False,3
6702,True,4
6703,False,3
6704,False,3
6705,True,2
6706,False,4
6707,False,3
6708,False,2
6709,True,3
6710,True,2
6711,True,1
6712,True,3
6713,True,1
6714,True,3
6715,True,3
6716,True,2
6717,True,3
6718,False,4
6719,False,3
6720,False,3
6721,True,2
6722,False,4
6723,False,2
6724,True,4
6725,True,4
6726,False,3
6727,False,3
6728,True,1
6729,True,2
6730,True,2
6731,False,3
6732,True,2
6733,True,3
6734,False,3
6735,True,3
6736,True,2
6737,False,3
6738,True,2
6739,False,4
6740,True,3
6741,True,3
6742,False,3
6743,False,3
6744,False,4
6745,True,1
6746,True,2
6747,True,2
6748,True,2
6749,True,1
6750,True,1
6751,True,2
6752,True,1
6753,True,2
6754,False,3
6755,False,3
6756,True,2
6757,True,2
6758,True,2
6759,False,4
6760,True,2
6761,False,2
6762,False,3
6763,True,3
6764,True,1
6765,True,3
6766,True,2
6767,True,4
6768,False,3
6769,False,4
6770,True,1
6771,True,2
6772,True,2
6773,True,2
6774,True,3
6775,False,3
6776,True,3
6777,False,3
6778,True,2
6779,True,1
6780,True,2
6781,False,2
6782,True,2
6783,False,2
6784,True,4
6785,False,4
6786,False,3
6787,True,2
6788,False,3
6789,True,2
6790,True,2
6791,True,2
6792,True,2
6793,True,3
6794,True,1
6795,False,3
6796,False,3
6797,False,4
6798,True,2
6799,True,3
6800,False,3
6801,False,3
6802,True,1
6803,False,4
6804,False,2
6805,True,1
6806,False,3
6807,True,3
6808,False,3
6809,True,3
6810,True,2
6811,True,1
6812,False,3
6813,False,3
6814,True,4
6815,True,2
6816,True,3
6817,False,3
6818,True,2
6819,False,3
6820,True,3
6821,False,3
6822,False,4
6823,False,3
6824,True,1
6825,False,2
6826,False,2
6827,False,3
6828,True,2
6829,True,2
6830,False,3
6831,True,3
6832,False,3
6833,False,2
6834,True,1
6835,True,1
6836,False,3
6837,True,2
6838,True,1
6839,True,3
6840,True,2
6841,True,2
6842,False,2
6843,False,2
6844,False,4
6845,True,3
6846,False,2
6847,True,4
6848,True,2
6849,False,3
6850,True,3
6851,True,3
6852,True,1
6853,True,3
6854,True,3
6855,True,1
6856,False,3
6857,True,2
6858,False,3
6859,False,2
6860,True,2
6861,True,4
6862,True,2
6863,False,2
6864,False,2
6865,False,4
6866,True,2
6867,True,2
6868,True,3
6869,True,2
6870,True,3
6871,True,3
6872,False,3
6873,True,2
6874,False,3
6875,True,3
6876,False,3
6877,False,2
6878,True,2
6879,False,3
6880,True,3
6881,False,3
6882,True,1
6883,False,3
6884,False,3
6885,False,3
6886,True,3
6887,False,3
6888,True,2
6889,True,4
6890,False,2
6891,False,2
6892,False,4
6893,False,3
6894,True,3
6895,False,2
6896,False,3
6897,True,2
6898,False,4
6899,False,3
6900,True,2
6901,True,2
6902,True,3
6903,True,3
6904,True,1
6905,True,2
6906,True,3
6907,True,2
6908,False,3
6909,True,2
6910,True,1
6911,False,3
6912,False,2
6913,True,3
6914,True,3
6915,True,3
6916,True,2
6917,True,2
6918,True,3
6919,True,3
6920,True,2
6921,True,2
6922,False,2
6923,False,2
6924,True,2
6925,True,3
6926,True,1
6927,True,1
6928,True,3
6929,False,3
6930,True,3
6931,False,3
6932,True,2
6933,True,2
6934,True,2
6935,True,2
6936,False,4
6937,False,3
6938,False,3
6939,True,2
6940,False,3
6941,True,3
6942,True,2
6943,False,3
6944,False,3
6945,False,2
6946,True,3
6947,False,3
6948,False,2
6949,True,2
6950,False,3
6951,False,3
6952,False,3
6953,True,1
6954,True,3
6955,True,3
6956,False,4
6957,True,2
6958,True,2
6959,True,3
6960,True,4
6961,True,2
6962,True,1
6963,False,3
6964,False,4
6965,False,4
6966,True,2
6967,False,3
6968,True,3
6969,True,2
6970,False,3
6971,False,3
6972,True,2
6973,True,2
6974,True,2
6975,True,3
6976,False,4
6977,False,3
6978,True,3
6979,False,3
6980,False,3
6981,False,2
6982,False,4
6983,True,2
6984,True,3
6985,False,3
6986,False,3
6987,True,2
6988,False,3
6989,True,3
6990,True,2
6991,False,3
6992,False,3
6993,True,2
6994,True,3
6995,False,2
6996,True,2
6997,True,2
6998,True,3
6999,False,3
7000,False,3
7001,False,3
7002,True,3
7003,False,3
7004,False,3
7005,False,2
7006,True,3
7007,True,2
7008,True,3
7009,False,4
7010,True,2
7011,True,2
7012,False,4
7013,True,2
7014,True,3
7015,True,3
7016,False,2
7017,False,3
7018,True,2
7019,False,3
7020,True,2
7021,True,2
7022,False,3
7023,False,3
7024,False,3
7025,True,2
7026,False,2
7027,True,2
7028,False,3
7029,True,3
7030,True,2
7031,True,3
7032,True,2
7033,False,3
7034,False,2
7035,True,4
7036,False,3
7037,False,3
7038,True,3
7039,False,3
7040,False,4
7041,True,2
7042,True,3
7043,True,2
7044,True,3
7045,False,3
7046,False,3
7047,False,3
7048,True,3
7049,True,2
7050,False,3
7051,True,2
7052,False,3
7053,True,1
7054,False,2
7055,True,3
7056,True,2
7057,False,2
7058,True,2
7059,False,3
7060,False,4
7061,True,2
7062,False,4
7063,True,1
7064,False,2
7065,True,2
7066,True,2
7067,False,3
7068,False,4
7069,False,3
7070,False,3
7071,False,3
7072,True,2
7073,False,3
7074,False,3
7075,False,3
7076,True,3
7077,True,1
7078,True,3
7079,False,3
7080,False,2
7081,True,4
7082,True,4
7083,True,3
7084,True,1
7085,False,4
7086,True,3
7087,True,2
7088,False,3
7089,False,3
7090,False,3
7091,True,1
7092,False,3
7093,True,3
7094,True,2
7095,True,3
7096,False,3
7097,False,4
7098,True,2
7099,True,3
7100,True,3
7101,False,4
7102,True,1
7103,False,3
7104,False,3
7105,True,2
7106,True,3
7107,True,3
7108,True,2
7109,False,3
7110,False,2
7111,False,3
7112,False,4
7113,True,3
7114,True,2
7115,False,4
7116,True,2
7117,True,2
7118,True,3
7119,True,2
7120,True,3
7121,True,2
7122,True,3
7123,True,1
7124,False,3
7125,True,1
7126,True,2
7127,True,2
7128,True,2
7129,True,2
7130,False,3
7131,False,3
7132,False,3
7133,True,3
7134,False,2
7135,True,2
7136,True,2
7137,True,2
7138,True,2
7139,True,1
7140,True,2
7141,True,3
7142,True,2
7143,False,3
7144,False,2
7145,True,2
7146,False,3
7147,True,1
7148,True,3
7149,True,2
7150,True,2
7151,True,2
7152,False,4
7153,True,3
7154,True,2
7155,False,2
7156,True,3
7157,True,2
7158,False,3
7159,True,2
7160,True,2
7161,True,2
7162,True,2
7163,True,2
7164,True,2
7165,True,2
7166,True,1
7167,True,2
7168,False,3
7169,False,4
7170,True,2
7171,True,3
7172,False,3
7173,True,3
7174,False,3
7175,False,3
7176,False,3
7177,True,3
7178,False,4
7179,False,3
7180,True,1
7181,True,3
7182,True,2
7183,True,3
7184,True,2
7185,True,3
7186,True,2
7187,False,4
7188,False,3
7189,False,3
7190,False,3
7191,True,2
7192,False,3
7193,False,3
7194,True,2
7195,True,2
7196,False,2
7197,False,3
7198,False,3
7199,True,3
